{
  "b": 33,
  "disableInputWhenNotFocused": true,
  "mangledName": "anim_32Town",
  "name": "anim Town",
  "oglFOV": 90,
  "oglZFar": 500,
  "oglZNear": 1,
  "r": 126,
  "standardSortMethod": true,
  "stopSoundsOnStartup": true,
  "title": "",
  "v": 211,
  "uiSettings": {
    "grid": false,
    "gridType": "rectangular",
    "gridWidth": 32,
    "gridHeight": 32,
    "gridOffsetX": 0,
    "gridOffsetY": 0,
    "gridColor": 10401023,
    "gridAlpha": 0.8,
    "snap": false,
    "zoomFactor": 0.3999999999999996,
    "windowMask": false
  },
  "objectsGroups": [],
  "variables": [],
  "instances": [
    {
      "angle": 0,
      "customSize": true,
      "height": 100,
      "layer": "",
      "locked": false,
      "name": "path",
      "persistentUuid": "68750931-cf8b-41a5-b74d-ee02b17bfad7",
      "width": 638,
      "x": 41,
      "y": 220,
      "zOrder": 1,
      "numberProperties": [],
      "stringProperties": [],
      "initialVariables": []
    },
    {
      "angle": 0,
      "customSize": false,
      "height": 0,
      "layer": "",
      "locked": false,
      "name": "PlayerHouse",
      "persistentUuid": "d4521a91-0f66-4aca-b98e-01f62e027b65",
      "width": 0,
      "x": 96,
      "y": -43,
      "zOrder": 2,
      "numberProperties": [],
      "stringProperties": [],
      "initialVariables": []
    },
    {
      "angle": 0,
      "customSize": true,
      "height": 472,
      "layer": "",
      "locked": false,
      "name": "path",
      "persistentUuid": "6f5f0782-6fc7-45cb-b61f-3cc198e89a73",
      "width": 84,
      "x": 601,
      "y": 332,
      "zOrder": 3,
      "numberProperties": [],
      "stringProperties": [],
      "initialVariables": []
    },
    {
      "angle": 0,
      "customSize": true,
      "height": 134,
      "layer": "",
      "locked": false,
      "name": "house",
      "persistentUuid": "4a6d9890-76d6-4010-82f6-ce7b4f7db786",
      "width": 142,
      "x": 413,
      "y": 379,
      "zOrder": 4,
      "numberProperties": [],
      "stringProperties": [],
      "initialVariables": []
    },
    {
      "angle": 0,
      "customSize": true,
      "height": 67,
      "layer": "",
      "locked": false,
      "name": "PlayerHouseDoor",
      "persistentUuid": "2d8f7e67-c08f-42a9-8759-83d9eeb65867",
      "width": 85,
      "x": 207,
      "y": 150,
      "zOrder": 5,
      "numberProperties": [],
      "stringProperties": [],
      "initialVariables": []
    },
    {
      "angle": 0,
      "customSize": false,
      "height": 0,
      "layer": "",
      "locked": false,
      "name": "grass",
      "persistentUuid": "50f9c69f-4dc3-497f-b57d-71c8175f2f71",
      "width": 0,
      "x": 145,
      "y": 345,
      "zOrder": 6,
      "numberProperties": [],
      "stringProperties": [],
      "initialVariables": []
    },
    {
      "angle": 0,
      "customSize": false,
      "height": 0,
      "layer": "",
      "locked": false,
      "name": "grass",
      "persistentUuid": "73287de9-6a33-4dfe-9d2f-5c6d201c9545",
      "width": 0,
      "x": 216,
      "y": 343,
      "zOrder": 7,
      "numberProperties": [],
      "stringProperties": [],
      "initialVariables": []
    },
    {
      "angle": 0,
      "customSize": false,
      "height": 0,
      "layer": "",
      "locked": false,
      "name": "grass",
      "persistentUuid": "81c73258-b635-4548-9a91-3ff5c7d2013b",
      "width": 0,
      "x": 289,
      "y": 343,
      "zOrder": 8,
      "numberProperties": [],
      "stringProperties": [],
      "initialVariables": []
    },
    {
      "angle": 0,
      "customSize": false,
      "height": 0,
      "layer": "",
      "locked": false,
      "name": "grass",
      "persistentUuid": "405985cd-7bf3-4195-80e8-6d46597bedb2",
      "width": 0,
      "x": 144,
      "y": 390,
      "zOrder": 9,
      "numberProperties": [],
      "stringProperties": [],
      "initialVariables": []
    },
    {
      "angle": 0,
      "customSize": false,
      "height": 0,
      "layer": "",
      "locked": false,
      "name": "grass",
      "persistentUuid": "99bd0ea9-ebf8-420a-99c0-0d7cbb924989",
      "width": 0,
      "x": 221,
      "y": 391,
      "zOrder": 10,
      "numberProperties": [],
      "stringProperties": [],
      "initialVariables": []
    },
    {
      "angle": 0,
      "customSize": false,
      "height": 0,
      "layer": "",
      "locked": false,
      "name": "grass",
      "persistentUuid": "b9159344-e6d0-4acb-93f0-c2a5022a48b9",
      "width": 0,
      "x": 293,
      "y": 391,
      "zOrder": 11,
      "numberProperties": [],
      "stringProperties": [],
      "initialVariables": []
    },
    {
      "angle": 0,
      "customSize": false,
      "height": 0,
      "layer": "",
      "locked": false,
      "name": "grass",
      "persistentUuid": "6f655512-fe67-4b93-8553-034fa6377901",
      "width": 0,
      "x": 143,
      "y": 439,
      "zOrder": 12,
      "numberProperties": [],
      "stringProperties": [],
      "initialVariables": []
    },
    {
      "angle": 0,
      "customSize": false,
      "height": 0,
      "layer": "",
      "locked": false,
      "name": "grass",
      "persistentUuid": "d56c9d72-0f3d-4fd1-9234-c6fc031cd93a",
      "width": 0,
      "x": 220,
      "y": 436,
      "zOrder": 13,
      "numberProperties": [],
      "stringProperties": [],
      "initialVariables": []
    },
    {
      "angle": 0,
      "customSize": false,
      "height": 0,
      "layer": "",
      "locked": false,
      "name": "grass",
      "persistentUuid": "0d1d2fb0-6371-4c92-8d4c-b785bae68f68",
      "width": 0,
      "x": 294,
      "y": 435,
      "zOrder": 14,
      "numberProperties": [],
      "stringProperties": [],
      "initialVariables": []
    },
    {
      "angle": 0,
      "customSize": false,
      "height": 0,
      "layer": "",
      "locked": false,
      "name": "player",
      "persistentUuid": "0a50eb7d-844d-4f36-8f7a-511ec541aeb0",
      "width": 0,
      "x": 208,
      "y": 243,
      "zOrder": 15,
      "numberProperties": [],
      "stringProperties": [],
      "initialVariables": []
    },
    {
      "angle": 0,
      "customSize": true,
      "height": 156,
      "layer": "",
      "locked": false,
      "name": "house",
      "persistentUuid": "5b719c8a-8245-403d-80df-37231cb9f5ac",
      "width": 159,
      "x": 404,
      "y": 713,
      "zOrder": 16,
      "numberProperties": [],
      "stringProperties": [],
      "initialVariables": []
    },
    {
      "angle": 0,
      "customSize": true,
      "height": 100,
      "layer": "",
      "locked": false,
      "name": "path",
      "persistentUuid": "ca7caba2-b7eb-48d6-94a0-d23738c2169a",
      "width": 688,
      "x": 693,
      "y": 225,
      "zOrder": 17,
      "numberProperties": [],
      "stringProperties": [],
      "initialVariables": []
    },
    {
      "angle": 0,
      "customSize": true,
      "height": 215,
      "layer": "",
      "locked": false,
      "name": "eldersHouse",
      "persistentUuid": "12a841fc-11be-4cf6-b716-5c08dc06484a",
      "width": 328,
      "x": 1159,
      "y": 5,
      "zOrder": 18,
      "numberProperties": [],
      "stringProperties": [],
      "initialVariables": []
    },
    {
      "angle": 0,
      "customSize": true,
      "height": 116,
      "layer": "",
      "locked": false,
      "name": "tree",
      "persistentUuid": "6d465b4c-96aa-44d3-8c6c-c4a0ea69deaa",
      "width": 114,
      "x": -108,
      "y": 662,
      "zOrder": 19,
      "numberProperties": [],
      "stringProperties": [],
      "initialVariables": []
    },
    {
      "angle": 0,
      "customSize": true,
      "height": 116,
      "layer": "",
      "locked": false,
      "name": "tree",
      "persistentUuid": "46796e6c-58b6-4ca9-98b2-7d3ab430d126",
      "width": 114,
      "x": -110,
      "y": 532,
      "zOrder": 19,
      "numberProperties": [],
      "stringProperties": [],
      "initialVariables": []
    },
    {
      "angle": 0,
      "customSize": true,
      "height": 116,
      "layer": "",
      "locked": false,
      "name": "tree",
      "persistentUuid": "b458dbd5-59cb-4ea6-a9c2-0aafdf60f09a",
      "width": 114,
      "x": -115,
      "y": 385,
      "zOrder": 19,
      "numberProperties": [],
      "stringProperties": [],
      "initialVariables": []
    },
    {
      "angle": 0,
      "customSize": true,
      "height": 116,
      "layer": "",
      "locked": false,
      "name": "tree",
      "persistentUuid": "a04597dc-297d-44b6-9b46-93b0491c00e0",
      "width": 114,
      "x": -110,
      "y": 257,
      "zOrder": 19,
      "numberProperties": [],
      "stringProperties": [],
      "initialVariables": []
    },
    {
      "angle": 0,
      "customSize": true,
      "height": 116,
      "layer": "",
      "locked": false,
      "name": "tree",
      "persistentUuid": "f1cb07b9-df45-4deb-8531-7bd1bcdc2b38",
      "width": 114,
      "x": -110,
      "y": 130,
      "zOrder": 19,
      "numberProperties": [],
      "stringProperties": [],
      "initialVariables": []
    },
    {
      "angle": 0,
      "customSize": true,
      "height": 116,
      "layer": "",
      "locked": false,
      "name": "tree",
      "persistentUuid": "00bc50b4-5b9d-406f-8c2c-3355d1416066",
      "width": 114,
      "x": -106,
      "y": -3,
      "zOrder": 19,
      "numberProperties": [],
      "stringProperties": [],
      "initialVariables": []
    },
    {
      "angle": 0,
      "customSize": true,
      "height": 116,
      "layer": "",
      "locked": false,
      "name": "tree",
      "persistentUuid": "123ec83b-dd7b-41dc-9956-881272a9f44b",
      "width": 114,
      "x": -103,
      "y": -135,
      "zOrder": 19,
      "numberProperties": [],
      "stringProperties": [],
      "initialVariables": []
    },
    {
      "angle": 0,
      "customSize": true,
      "height": 116,
      "layer": "",
      "locked": false,
      "name": "tree",
      "persistentUuid": "38f12fa8-9a69-4568-a397-8f94a95221f7",
      "width": 114,
      "x": 9,
      "y": -130,
      "zOrder": 19,
      "numberProperties": [],
      "stringProperties": [],
      "initialVariables": []
    },
    {
      "angle": 0,
      "customSize": true,
      "height": 116,
      "layer": "",
      "locked": false,
      "name": "tree",
      "persistentUuid": "bc8eeec4-70fd-4f1d-9e57-d709357fe2a2",
      "width": 114,
      "x": 127,
      "y": -145,
      "zOrder": 19,
      "numberProperties": [],
      "stringProperties": [],
      "initialVariables": []
    },
    {
      "angle": 0,
      "customSize": true,
      "height": 116,
      "layer": "",
      "locked": false,
      "name": "tree",
      "persistentUuid": "b7e5d63b-379a-499e-8d00-ef64ca2ded0f",
      "width": 114,
      "x": 269,
      "y": -135,
      "zOrder": 19,
      "numberProperties": [],
      "stringProperties": [],
      "initialVariables": []
    },
    {
      "angle": 0,
      "customSize": true,
      "height": 116,
      "layer": "",
      "locked": false,
      "name": "tree",
      "persistentUuid": "8ea42d33-afa8-4820-aeb5-29ad97762d58",
      "width": 114,
      "x": 374,
      "y": -133,
      "zOrder": 19,
      "numberProperties": [],
      "stringProperties": [],
      "initialVariables": []
    },
    {
      "angle": 0,
      "customSize": true,
      "height": 116,
      "layer": "",
      "locked": false,
      "name": "tree",
      "persistentUuid": "bb32760f-aa23-411f-a04d-f49ae99988c0",
      "width": 114,
      "x": 487,
      "y": -138,
      "zOrder": 19,
      "numberProperties": [],
      "stringProperties": [],
      "initialVariables": []
    },
    {
      "angle": 0,
      "customSize": true,
      "height": 116,
      "layer": "",
      "locked": false,
      "name": "tree",
      "persistentUuid": "8d80bd2e-fed2-493c-aa97-5c0febe9b598",
      "width": 114,
      "x": 597,
      "y": -143,
      "zOrder": 19,
      "numberProperties": [],
      "stringProperties": [],
      "initialVariables": []
    },
    {
      "angle": 0,
      "customSize": true,
      "height": 116,
      "layer": "",
      "locked": false,
      "name": "tree",
      "persistentUuid": "dc5b6383-1848-471d-a51f-cd82849752b2",
      "width": 114,
      "x": 712,
      "y": -145,
      "zOrder": 19,
      "numberProperties": [],
      "stringProperties": [],
      "initialVariables": []
    },
    {
      "angle": 0,
      "customSize": true,
      "height": 116,
      "layer": "",
      "locked": false,
      "name": "tree",
      "persistentUuid": "e1c85550-827c-477b-b32b-0b6f4f9a8626",
      "width": 114,
      "x": 837,
      "y": -145,
      "zOrder": 19,
      "numberProperties": [],
      "stringProperties": [],
      "initialVariables": []
    },
    {
      "angle": 0,
      "customSize": true,
      "height": 116,
      "layer": "",
      "locked": false,
      "name": "tree",
      "persistentUuid": "3e66eb6a-f9ac-4d56-bcb0-d84ae9c19616",
      "width": 114,
      "x": 943,
      "y": -148,
      "zOrder": 19,
      "numberProperties": [],
      "stringProperties": [],
      "initialVariables": []
    },
    {
      "angle": 0,
      "customSize": true,
      "height": 116,
      "layer": "",
      "locked": false,
      "name": "tree",
      "persistentUuid": "1df8cb76-054f-4fb4-ac2a-9cf2707ef22b",
      "width": 114,
      "x": 1063,
      "y": -148,
      "zOrder": 19,
      "numberProperties": [],
      "stringProperties": [],
      "initialVariables": []
    },
    {
      "angle": 0,
      "customSize": true,
      "height": 116,
      "layer": "",
      "locked": false,
      "name": "tree",
      "persistentUuid": "c56c985e-6439-416f-be83-7192715811de",
      "width": 114,
      "x": 1186,
      "y": -149,
      "zOrder": 19,
      "numberProperties": [],
      "stringProperties": [],
      "initialVariables": []
    },
    {
      "angle": 0,
      "customSize": true,
      "height": 116,
      "layer": "",
      "locked": false,
      "name": "tree",
      "persistentUuid": "6063e0df-adca-4033-bce2-ca7cbea0394f",
      "width": 114,
      "x": 1296,
      "y": -150,
      "zOrder": 19,
      "numberProperties": [],
      "stringProperties": [],
      "initialVariables": []
    },
    {
      "angle": 0,
      "customSize": true,
      "height": 116,
      "layer": "",
      "locked": false,
      "name": "tree",
      "persistentUuid": "7b75abbf-44d0-4d46-9732-f1c4acc74f8d",
      "width": 114,
      "x": 1415,
      "y": -150,
      "zOrder": 19,
      "numberProperties": [],
      "stringProperties": [],
      "initialVariables": []
    },
    {
      "angle": 0,
      "customSize": true,
      "height": 116,
      "layer": "",
      "locked": false,
      "name": "tree",
      "persistentUuid": "9db8da85-bd84-46ba-9877-11dcb258f278",
      "width": 114,
      "x": -112,
      "y": 800,
      "zOrder": 19,
      "numberProperties": [],
      "stringProperties": [],
      "initialVariables": []
    },
    {
      "angle": 0,
      "customSize": true,
      "height": 116,
      "layer": "",
      "locked": false,
      "name": "tree",
      "persistentUuid": "bbd37b73-0586-4a26-a0fb-c575bca26ca9",
      "width": 114,
      "x": -119,
      "y": 934,
      "zOrder": 19,
      "numberProperties": [],
      "stringProperties": [],
      "initialVariables": []
    },
    {
      "angle": 0,
      "customSize": true,
      "height": 116,
      "layer": "",
      "locked": false,
      "name": "tree",
      "persistentUuid": "2e19ab5c-925c-451c-99d7-887278df9784",
      "width": 114,
      "x": 14,
      "y": 939,
      "zOrder": 19,
      "numberProperties": [],
      "stringProperties": [],
      "initialVariables": []
    },
    {
      "angle": 0,
      "customSize": true,
      "height": 116,
      "layer": "",
      "locked": false,
      "name": "tree",
      "persistentUuid": "e491cc53-6f4c-47c7-8199-cda390ac8a3b",
      "width": 114,
      "x": 142,
      "y": 935,
      "zOrder": 19,
      "numberProperties": [],
      "stringProperties": [],
      "initialVariables": []
    },
    {
      "angle": 0,
      "customSize": true,
      "height": 116,
      "layer": "",
      "locked": false,
      "name": "tree",
      "persistentUuid": "9bb4d6ee-4121-4682-9259-b6c2e08184b6",
      "width": 114,
      "x": 256,
      "y": 939,
      "zOrder": 19,
      "numberProperties": [],
      "stringProperties": [],
      "initialVariables": []
    },
    {
      "angle": 0,
      "customSize": true,
      "height": 116,
      "layer": "",
      "locked": false,
      "name": "tree",
      "persistentUuid": "55e4e073-1fd6-4a42-b5d3-fb715c91928f",
      "width": 114,
      "x": 385,
      "y": 939,
      "zOrder": 19,
      "numberProperties": [],
      "stringProperties": [],
      "initialVariables": []
    },
    {
      "angle": 0,
      "customSize": true,
      "height": 116,
      "layer": "",
      "locked": false,
      "name": "tree",
      "persistentUuid": "70439d3f-9fca-40aa-8a70-1d75b1d93fe4",
      "width": 114,
      "x": 508,
      "y": 939,
      "zOrder": 19,
      "numberProperties": [],
      "stringProperties": [],
      "initialVariables": []
    },
    {
      "angle": 0,
      "customSize": true,
      "height": 116,
      "layer": "",
      "locked": false,
      "name": "tree",
      "persistentUuid": "72dea260-2012-466f-a571-ef75e0bc94a5",
      "width": 114,
      "x": 606,
      "y": 939,
      "zOrder": 19,
      "numberProperties": [],
      "stringProperties": [],
      "initialVariables": []
    },
    {
      "angle": 0,
      "customSize": true,
      "height": 116,
      "layer": "",
      "locked": false,
      "name": "tree",
      "persistentUuid": "084b1e28-7b60-4d2f-a9c5-9d55cfa4d9b7",
      "width": 114,
      "x": 703,
      "y": 939,
      "zOrder": 19,
      "numberProperties": [],
      "stringProperties": [],
      "initialVariables": []
    },
    {
      "angle": 0,
      "customSize": true,
      "height": 116,
      "layer": "",
      "locked": false,
      "name": "tree",
      "persistentUuid": "3faad49e-b924-4258-bbb7-cef3239e70ff",
      "width": 114,
      "x": 815,
      "y": 939,
      "zOrder": 19,
      "numberProperties": [],
      "stringProperties": [],
      "initialVariables": []
    },
    {
      "angle": 0,
      "customSize": true,
      "height": 116,
      "layer": "",
      "locked": false,
      "name": "tree",
      "persistentUuid": "b254aede-4020-4ff5-93bc-881d30138665",
      "width": 114,
      "x": 927,
      "y": 942,
      "zOrder": 19,
      "numberProperties": [],
      "stringProperties": [],
      "initialVariables": []
    },
    {
      "angle": 0,
      "customSize": true,
      "height": 116,
      "layer": "",
      "locked": false,
      "name": "tree",
      "persistentUuid": "5a605a24-b0be-4fdb-8353-6f23ed908dd1",
      "width": 114,
      "x": 1466,
      "y": 948,
      "zOrder": 19,
      "numberProperties": [],
      "stringProperties": [],
      "initialVariables": []
    },
    {
      "angle": 0,
      "customSize": true,
      "height": 116,
      "layer": "",
      "locked": false,
      "name": "tree",
      "persistentUuid": "f20b5c86-17df-4704-a553-4852a6158924",
      "width": 114,
      "x": 1526,
      "y": -150,
      "zOrder": 19,
      "numberProperties": [],
      "stringProperties": [],
      "initialVariables": []
    },
    {
      "angle": 0,
      "customSize": true,
      "height": 116,
      "layer": "",
      "locked": false,
      "name": "tree",
      "persistentUuid": "167ecbad-6563-4c37-8188-6df193e26fab",
      "width": 114,
      "x": 1621,
      "y": -152,
      "zOrder": 19,
      "numberProperties": [],
      "stringProperties": [],
      "initialVariables": []
    },
    {
      "angle": 0,
      "customSize": true,
      "height": 116,
      "layer": "",
      "locked": false,
      "name": "tree",
      "persistentUuid": "28eb7070-0199-45fb-9aa2-03664b81a0ee",
      "width": 114,
      "x": 1619,
      "y": -21,
      "zOrder": 19,
      "numberProperties": [],
      "stringProperties": [],
      "initialVariables": []
    },
    {
      "angle": 0,
      "customSize": true,
      "height": 116,
      "layer": "",
      "locked": false,
      "name": "tree",
      "persistentUuid": "7eccff41-6172-4ce4-9cf9-19915152d032",
      "width": 114,
      "x": 1617,
      "y": 110,
      "zOrder": 19,
      "numberProperties": [],
      "stringProperties": [],
      "initialVariables": []
    },
    {
      "angle": 0,
      "customSize": true,
      "height": 116,
      "layer": "",
      "locked": false,
      "name": "tree",
      "persistentUuid": "fcfba91b-ae8d-437b-b634-61efadfd7e8e",
      "width": 114,
      "x": 1607,
      "y": 628,
      "zOrder": 19,
      "numberProperties": [],
      "stringProperties": [],
      "initialVariables": []
    },
    {
      "angle": 0,
      "customSize": true,
      "height": 116,
      "layer": "",
      "locked": false,
      "name": "tree",
      "persistentUuid": "41092945-e75d-4c60-9f50-3ded08ea3db6",
      "width": 114,
      "x": 1602,
      "y": 757,
      "zOrder": 19,
      "numberProperties": [],
      "stringProperties": [],
      "initialVariables": []
    },
    {
      "angle": 0,
      "customSize": true,
      "height": 116,
      "layer": "",
      "locked": false,
      "name": "tree",
      "persistentUuid": "d6a4b6de-d1fb-4ed2-b22c-45a1cbf105cd",
      "width": 114,
      "x": 1599,
      "y": 886,
      "zOrder": 19,
      "numberProperties": [],
      "stringProperties": [],
      "initialVariables": []
    },
    {
      "angle": 0,
      "customSize": true,
      "height": 116,
      "layer": "",
      "locked": false,
      "name": "tree",
      "persistentUuid": "bf95eb62-2c9f-42b9-b138-f4bede27001a",
      "width": 114,
      "x": 1032,
      "y": 944,
      "zOrder": 19,
      "numberProperties": [],
      "stringProperties": [],
      "initialVariables": []
    },
    {
      "angle": 0,
      "customSize": true,
      "height": 116,
      "layer": "",
      "locked": false,
      "name": "tree",
      "persistentUuid": "cf03fc90-5157-4ddc-a769-c9a0e6a92242",
      "width": 114,
      "x": 1135,
      "y": 939,
      "zOrder": 19,
      "numberProperties": [],
      "stringProperties": [],
      "initialVariables": []
    },
    {
      "angle": 0,
      "customSize": true,
      "height": 116,
      "layer": "",
      "locked": false,
      "name": "tree",
      "persistentUuid": "1eaf03d4-26a1-489a-aedf-8897a8145e2b",
      "width": 113,
      "x": 1236,
      "y": 939,
      "zOrder": 19,
      "numberProperties": [],
      "stringProperties": [],
      "initialVariables": []
    },
    {
      "angle": 0,
      "customSize": true,
      "height": 116,
      "layer": "",
      "locked": false,
      "name": "tree",
      "persistentUuid": "757b3b52-0349-46c5-927f-f176ae6ccc77",
      "width": 114,
      "x": 1348,
      "y": 944,
      "zOrder": 19,
      "numberProperties": [],
      "stringProperties": [],
      "initialVariables": []
    },
    {
      "angle": 0,
      "customSize": true,
      "height": 116,
      "layer": "",
      "locked": false,
      "name": "tree",
      "persistentUuid": "2958f502-1936-4e32-8827-528a0e7fe81f",
      "width": 114,
      "x": 1559,
      "y": 1011,
      "zOrder": 19,
      "numberProperties": [],
      "stringProperties": [],
      "initialVariables": []
    },
    {
      "angle": 0,
      "customSize": true,
      "height": 95,
      "layer": "",
      "locked": false,
      "name": "elderHouseDoor",
      "persistentUuid": "886822a8-ba6c-457f-bccd-c0a8a76fc721",
      "width": 76,
      "x": 1302,
      "y": 111,
      "zOrder": 20,
      "numberProperties": [],
      "stringProperties": [],
      "initialVariables": []
    },
    {
      "angle": 0,
      "customSize": true,
      "height": 388,
      "layer": "",
      "locked": false,
      "name": "checkpoint",
      "persistentUuid": "905a90ec-dabf-4751-bb98-10380baef35e",
      "width": 379,
      "x": 1597,
      "y": 239,
      "zOrder": 21,
      "numberProperties": [],
      "stringProperties": [],
      "initialVariables": []
    }
  ],
  "objects": [
    {
      "name": "PlayerHouse",
      "tags": "",
      "type": "Sprite",
      "updateIfNotVisible": false,
      "variables": [],
      "effects": [],
      "behaviors": [],
      "animations": [
        {
          "name": "playerhouse-1-0",
          "useMultipleDirections": false,
          "directions": [
            {
              "looping": false,
              "timeBetweenFrames": 0.07999999821186066,
              "sprites": [
                {
                  "hasCustomCollisionMask": false,
                  "image": "playerhouse-1-0.png",
                  "points": [],
                  "originPoint": {
                    "name": "origine",
                    "x": 0,
                    "y": 0
                  },
                  "centerPoint": {
                    "automatic": true,
                    "name": "centre",
                    "x": 0,
                    "y": 0
                  },
                  "customCollisionMask": []
                }
              ]
            }
          ]
        }
      ]
    },
    {
      "name": "path",
      "tags": "",
      "type": "Sprite",
      "updateIfNotVisible": false,
      "variables": [],
      "effects": [],
      "behaviors": [],
      "animations": [
        {
          "name": "NewObject",
          "useMultipleDirections": false,
          "directions": [
            {
              "looping": false,
              "timeBetweenFrames": 0.07999999821186066,
              "sprites": [
                {
                  "hasCustomCollisionMask": false,
                  "image": "road.png",
                  "points": [],
                  "originPoint": {
                    "name": "origine",
                    "x": 0,
                    "y": 0
                  },
                  "centerPoint": {
                    "automatic": true,
                    "name": "centre",
                    "x": 0,
                    "y": 0
                  },
                  "customCollisionMask": []
                }
              ]
            }
          ]
        }
      ]
    },
    {
      "name": "house",
      "tags": "",
      "type": "Sprite",
      "updateIfNotVisible": false,
      "variables": [],
      "effects": [],
      "behaviors": [],
      "animations": [
        {
          "name": "NewObject-1-14",
          "useMultipleDirections": false,
          "directions": [
            {
              "looping": false,
              "timeBetweenFrames": 0.07999999821186066,
              "sprites": [
                {
                  "hasCustomCollisionMask": false,
                  "image": "house.png",
                  "points": [],
                  "originPoint": {
                    "name": "origine",
                    "x": 0,
                    "y": 0
                  },
                  "centerPoint": {
                    "automatic": true,
                    "name": "centre",
                    "x": 0,
                    "y": 0
                  },
                  "customCollisionMask": []
                }
              ]
            }
          ]
        }
      ]
    },
    {
      "name": "PlayerHouseDoor",
      "tags": "",
      "type": "Sprite",
      "updateIfNotVisible": false,
      "variables": [],
      "effects": [],
      "behaviors": [],
      "animations": [
        {
          "name": "NewObject",
          "useMultipleDirections": false,
          "directions": [
            {
              "looping": false,
              "timeBetweenFrames": 0.07999999821186066,
              "sprites": [
                {
                  "hasCustomCollisionMask": false,
                  "image": "door.png",
                  "points": [],
                  "originPoint": {
                    "name": "origine",
                    "x": 0,
                    "y": 0
                  },
                  "centerPoint": {
                    "automatic": true,
                    "name": "centre",
                    "x": 0,
                    "y": 0
                  },
                  "customCollisionMask": []
                }
              ]
            }
          ]
        }
      ]
    },
    {
      "name": "grass",
      "tags": "",
      "type": "Sprite",
      "updateIfNotVisible": false,
      "variables": [],
      "effects": [],
      "behaviors": [],
      "animations": [
        {
          "name": "",
          "useMultipleDirections": false,
          "directions": [
            {
              "looping": false,
              "timeBetweenFrames": 0.08,
              "sprites": [
                {
                  "hasCustomCollisionMask": false,
                  "image": "grass.png",
                  "points": [],
                  "originPoint": {
                    "name": "origine",
                    "x": 0,
                    "y": 0
                  },
                  "centerPoint": {
                    "automatic": true,
                    "name": "centre",
                    "x": 0,
                    "y": 0
                  },
                  "customCollisionMask": []
                }
              ]
            }
          ]
        }
      ]
    },
    {
      "name": "player",
      "tags": "",
      "type": "Sprite",
      "updateIfNotVisible": false,
      "variables": [],
      "effects": [],
      "behaviors": [],
      "animations": [
        {
          "name": "",
          "useMultipleDirections": false,
          "directions": [
            {
              "looping": false,
              "timeBetweenFrames": 0.08,
              "sprites": [
                {
                  "hasCustomCollisionMask": false,
                  "image": "player.png",
                  "points": [],
                  "originPoint": {
                    "name": "origine",
                    "x": 0,
                    "y": 0
                  },
                  "centerPoint": {
                    "automatic": true,
                    "name": "centre",
                    "x": 0,
                    "y": 0
                  },
                  "customCollisionMask": []
                }
              ]
            }
          ]
        }
      ]
    },
    {
      "name": "eldersHouse",
      "tags": "",
      "type": "Sprite",
      "updateIfNotVisible": false,
      "variables": [],
      "effects": [],
      "behaviors": [],
      "animations": [
        {
          "name": "eldershouse",
          "useMultipleDirections": false,
          "directions": [
            {
              "looping": false,
              "timeBetweenFrames": 0.07999999821186066,
              "sprites": [
                {
                  "hasCustomCollisionMask": false,
                  "image": "eldershouse-1.png",
                  "points": [],
                  "originPoint": {
                    "name": "origine",
                    "x": 0,
                    "y": 0
                  },
                  "centerPoint": {
                    "automatic": true,
                    "name": "centre",
                    "x": 0,
                    "y": 0
                  },
                  "customCollisionMask": []
                }
              ]
            }
          ]
        }
      ]
    },
    {
      "name": "tree",
      "tags": "",
      "type": "Sprite",
      "updateIfNotVisible": false,
      "variables": [],
      "effects": [],
      "behaviors": [],
      "animations": [
        {
          "name": "",
          "useMultipleDirections": false,
          "directions": [
            {
              "looping": false,
              "timeBetweenFrames": 0.08,
              "sprites": [
                {
                  "hasCustomCollisionMask": false,
                  "image": "tree.png",
                  "points": [],
                  "originPoint": {
                    "name": "origine",
                    "x": 0,
                    "y": 0
                  },
                  "centerPoint": {
                    "automatic": true,
                    "name": "centre",
                    "x": 0,
                    "y": 0
                  },
                  "customCollisionMask": []
                }
              ]
            }
          ]
        }
      ]
    },
    {
      "name": "elder",
      "tags": "",
      "type": "Sprite",
      "updateIfNotVisible": false,
      "variables": [],
      "effects": [],
      "behaviors": [],
      "animations": [
        {
          "name": "NewObject",
          "useMultipleDirections": false,
          "directions": [
            {
              "looping": false,
              "timeBetweenFrames": 0.07999999821186066,
              "sprites": [
                {
                  "hasCustomCollisionMask": false,
                  "image": "NewObject-1.png",
                  "points": [],
                  "originPoint": {
                    "name": "origine",
                    "x": 0,
                    "y": 0
                  },
                  "centerPoint": {
                    "automatic": true,
                    "name": "centre",
                    "x": 0,
                    "y": 0
                  },
                  "customCollisionMask": []
                }
              ]
            }
          ]
        }
      ]
    },
    {
      "name": "elderHouseDoor",
      "tags": "",
      "type": "Sprite",
      "updateIfNotVisible": false,
      "variables": [],
      "effects": [],
      "behaviors": [],
      "animations": [
        {
          "name": "",
          "useMultipleDirections": false,
          "directions": [
            {
              "looping": false,
              "timeBetweenFrames": 0.08,
              "sprites": [
                {
                  "hasCustomCollisionMask": false,
                  "image": "door.png",
                  "points": [],
                  "originPoint": {
                    "name": "origine",
                    "x": 0,
                    "y": 0
                  },
                  "centerPoint": {
                    "automatic": true,
                    "name": "centre",
                    "x": 0,
                    "y": 0
                  },
                  "customCollisionMask": []
                }
              ]
            }
          ]
        }
      ]
    },
    {
      "name": "checkpoint",
      "tags": "",
      "type": "Sprite",
      "updateIfNotVisible": false,
      "variables": [],
      "effects": [],
      "behaviors": [],
      "animations": [
        {
          "name": "NewObject",
          "useMultipleDirections": false,
          "directions": [
            {
              "looping": false,
              "timeBetweenFrames": 0.07999999821186066,
              "sprites": [
                {
                  "hasCustomCollisionMask": false,
                  "image": "NewObject-1-3.png",
                  "points": [],
                  "originPoint": {
                    "name": "origine",
                    "x": 0,
                    "y": 0
                  },
                  "centerPoint": {
                    "automatic": true,
                    "name": "centre",
                    "x": 0,
                    "y": 0
                  },
                  "customCollisionMask": []
                }
              ]
            }
          ]
        }
      ]
    }
  ],
  "events": [
    {
      "colorB": 228,
      "colorG": 176,
      "colorR": 74,
      "creationTime": 0,
      "disabled": false,
      "folded": false,
      "name": "player",
      "source": "",
      "type": "BuiltinCommonInstructions::Group",
      "events": [
        {
          "disabled": false,
          "folded": false,
          "type": "BuiltinCommonInstructions::Standard",
          "conditions": [
            {
              "type": {
                "inverted": false,
                "value": "KeyPressed"
              },
              "parameters": [
                "",
                "Left"
              ],
              "subInstructions": []
            },
            {
              "type": {
                "inverted": false,
                "value": "GlobalVariableAsBoolean"
              },
              "parameters": [
                "stop",
                ""
              ],
              "subInstructions": []
            }
          ],
          "actions": [
            {
              "type": {
                "inverted": false,
                "value": "AddForceXY"
              },
              "parameters": [
                "player",
                "-300",
                "0",
                ""
              ],
              "subInstructions": []
            }
          ],
          "events": []
        },
        {
          "disabled": false,
          "folded": false,
          "type": "BuiltinCommonInstructions::Standard",
          "conditions": [
            {
              "type": {
                "inverted": false,
                "value": "KeyPressed"
              },
              "parameters": [
                "",
                "Right"
              ],
              "subInstructions": []
            },
            {
              "type": {
                "inverted": false,
                "value": "GlobalVariableAsBoolean"
              },
              "parameters": [
                "stop",
                ""
              ],
              "subInstructions": []
            }
          ],
          "actions": [
            {
              "type": {
                "inverted": false,
                "value": "AddForceXY"
              },
              "parameters": [
                "player",
                "300",
                "0",
                ""
              ],
              "subInstructions": []
            }
          ],
          "events": []
        },
        {
          "disabled": false,
          "folded": false,
          "type": "BuiltinCommonInstructions::Standard",
          "conditions": [
            {
              "type": {
                "inverted": false,
                "value": "KeyPressed"
              },
              "parameters": [
                "",
                "Up"
              ],
              "subInstructions": []
            },
            {
              "type": {
                "inverted": false,
                "value": "GlobalVariableAsBoolean"
              },
              "parameters": [
                "stop",
                ""
              ],
              "subInstructions": []
            }
          ],
          "actions": [
            {
              "type": {
                "inverted": false,
                "value": "AddForceXY"
              },
              "parameters": [
                "player",
                "0",
                "-300",
                ""
              ],
              "subInstructions": []
            }
          ],
          "events": []
        },
        {
          "disabled": false,
          "folded": false,
          "type": "BuiltinCommonInstructions::Standard",
          "conditions": [
            {
              "type": {
                "inverted": false,
                "value": "KeyPressed"
              },
              "parameters": [
                "",
                "Down"
              ],
              "subInstructions": []
            },
            {
              "type": {
                "inverted": false,
                "value": "GlobalVariableAsBoolean"
              },
              "parameters": [
                "stop",
                ""
              ],
              "subInstructions": []
            }
          ],
          "actions": [
            {
              "type": {
                "inverted": false,
                "value": "AddForceXY"
              },
              "parameters": [
                "player",
                "0",
                "300",
                ""
              ],
              "subInstructions": []
            }
          ],
          "events": []
        },
        {
          "disabled": false,
          "folded": false,
          "type": "BuiltinCommonInstructions::Standard",
          "conditions": [],
          "actions": [
            {
              "type": {
                "inverted": false,
                "value": "CentreCamera"
              },
              "parameters": [
                "",
                "player",
                "",
                "",
                ""
              ],
              "subInstructions": []
            }
          ],
          "events": []
        }
      ],
      "parameters": []
    },
    {
      "colorB": 228,
      "colorG": 176,
      "colorR": 74,
      "creationTime": 0,
      "disabled": false,
      "folded": false,
      "name": "collision",
      "source": "",
      "type": "BuiltinCommonInstructions::Group",
      "events": [
        {
          "disabled": false,
          "folded": false,
          "type": "BuiltinCommonInstructions::Standard",
          "conditions": [],
          "actions": [
            {
              "type": {
                "inverted": false,
                "value": "SeparateFromObjects"
              },
              "parameters": [
                "player",
                "tree",
                ""
              ],
              "subInstructions": []
            }
          ],
          "events": []
        }
      ],
      "parameters": []
    },
    {
      "colorB": 228,
      "colorG": 176,
      "colorR": 74,
      "creationTime": 0,
      "disabled": false,
      "folded": false,
      "name": "doors",
      "source": "",
      "type": "BuiltinCommonInstructions::Group",
      "events": [
        {
          "disabled": false,
          "folded": false,
          "type": "BuiltinCommonInstructions::Standard",
          "conditions": [
            {
              "type": {
                "inverted": false,
                "value": "CollisionNP"
              },
              "parameters": [
                "player",
                "PlayerHouseDoor",
                "",
                "",
                ""
              ],
              "subInstructions": []
            }
          ],
          "actions": [
            {
              "type": {
                "inverted": false,
                "value": "Scene"
              },
              "parameters": [
                "",
                "\"PlayerHouseGroundFloor\"",
                ""
              ],
              "subInstructions": []
            }
          ],
          "events": []
        },
        {
          "disabled": false,
          "folded": false,
          "type": "BuiltinCommonInstructions::Standard",
          "conditions": [
            {
              "type": {
                "inverted": false,
                "value": "CollisionNP"
              },
              "parameters": [
                "player",
                "elderHouseDoor",
                "",
                "",
                ""
              ],
              "subInstructions": []
            }
          ],
          "actions": [
            {
              "type": {
                "inverted": false,
                "value": "Scene"
              },
              "parameters": [
                "",
                "\"elders house\"",
                ""
              ],
              "subInstructions": []
            }
          ],
          "events": []
        },
        {
          "disabled": false,
          "folded": false,
          "type": "BuiltinCommonInstructions::Standard",
          "conditions": [
            {
              "type": {
                "inverted": false,
                "value": "CollisionNP"
              },
              "parameters": [
                "player",
                "checkpoint",
                "",
                "",
                ""
              ],
              "subInstructions": []
            }
          ],
          "actions": [
            {
              "type": {
                "inverted": false,
                "value": "Scene"
              },
              "parameters": [
                "",
                "\"checkpoint1\"",
                ""
              ],
              "subInstructions": []
            }
          ],
          "events": []
        }
      ],
      "parameters": []
    }
  ],
  "layers": [
    {
      "ambientLightColorB": 7268816,
      "ambientLightColorG": 0,
      "ambientLightColorR": 0,
      "followBaseLayerCamera": false,
      "isLightingLayer": false,
      "name": "",
      "visibility": true,
      "cameras": [
        {
          "defaultSize": true,
          "defaultViewport": true,
          "height": 0,
          "viewportBottom": 1,
          "viewportLeft": 0,
          "viewportRight": 1,
          "viewportTop": 0,
          "width": 0
        }
      ],
      "effects": []
    }
  ],
  "behaviorsSharedData": []
}