{
  "b": 0,
  "disableInputWhenNotFocused": true,
  "mangledName": "checkpoint1",
  "name": "checkpoint1",
  "oglFOV": 90,
  "oglZFar": 500,
  "oglZNear": 1,
  "r": 255,
  "standardSortMethod": true,
  "stopSoundsOnStartup": true,
  "title": "",
  "v": 235,
  "uiSettings": {
    "grid": false,
    "gridType": "rectangular",
    "gridWidth": 32,
    "gridHeight": 32,
    "gridOffsetX": 0,
    "gridOffsetY": 0,
    "gridColor": 10401023,
    "gridAlpha": 0.8,
    "snap": false,
    "zoomFactor": 0.9799999999999998,
    "windowMask": false
  },
  "objectsGroups": [],
  "variables": [],
  "instances": [
    {
      "angle": 0,
      "customSize": true,
      "height": 294,
      "layer": "",
      "locked": false,
      "name": "counter",
      "persistentUuid": "39f4379d-369e-45b8-a582-b52a9a351886",
      "width": 63,
      "x": 552,
      "y": 158,
      "zOrder": 1,
      "numberProperties": [],
      "stringProperties": [],
      "initialVariables": []
    },
    {
      "angle": 0,
      "customSize": false,
      "height": 0,
      "layer": "",
      "locked": false,
      "name": "checkpointOfficer",
      "persistentUuid": "c7aab4d7-6d2b-4075-a2e3-abee56453a57",
      "width": 0,
      "x": 619,
      "y": 226,
      "zOrder": 2,
      "numberProperties": [],
      "stringProperties": [],
      "initialVariables": []
    },
    {
      "angle": 90.42880249023438,
      "customSize": true,
      "height": 916.8916625976562,
      "layer": "",
      "locked": false,
      "name": "wall",
      "persistentUuid": "314fff2b-2625-4670-bd35-8780a7396aa5",
      "width": 162.9546661376953,
      "x": 331.2479248046875,
      "y": -387.539794921875,
      "zOrder": 3,
      "numberProperties": [],
      "stringProperties": [],
      "initialVariables": []
    },
    {
      "angle": 0,
      "customSize": true,
      "height": 67,
      "layer": "",
      "locked": false,
      "name": "checkpointDoor",
      "persistentUuid": "6a2ed5b8-30c8-46c3-b8a3-b08445a09408",
      "width": 57,
      "x": 339,
      "y": 84,
      "zOrder": 4,
      "numberProperties": [],
      "stringProperties": [],
      "initialVariables": []
    },
    {
      "angle": 0,
      "customSize": false,
      "height": 0,
      "layer": "",
      "locked": false,
      "name": "player",
      "persistentUuid": "d7cc89c7-c185-490c-a448-76322d0fb88d",
      "width": 0,
      "x": 304,
      "y": 292,
      "zOrder": 5,
      "numberProperties": [],
      "stringProperties": [],
      "initialVariables": []
    },
    {
      "angle": 270.134521484375,
      "customSize": true,
      "height": 2223.263671875,
      "layer": "",
      "locked": false,
      "name": "wall",
      "persistentUuid": "98922351-1621-44da-af47-46fcb467f065",
      "width": 138.78050231933594,
      "x": 331.0521545410156,
      "y": -587.6318969726562,
      "zOrder": 6,
      "numberProperties": [],
      "stringProperties": [],
      "initialVariables": []
    },
    {
      "angle": 181.22618103027344,
      "customSize": false,
      "height": 0,
      "layer": "",
      "locked": false,
      "name": "checkpointDoor2",
      "persistentUuid": "a82db8f9-386a-49ac-8dd7-18218090c694",
      "width": 0,
      "x": 375,
      "y": 447,
      "zOrder": 7,
      "numberProperties": [],
      "stringProperties": [],
      "initialVariables": []
    }
  ],
  "objects": [
    {
      "name": "counter",
      "tags": "",
      "type": "Sprite",
      "updateIfNotVisible": false,
      "variables": [],
      "effects": [],
      "behaviors": [],
      "animations": [
        {
          "name": "NewObject",
          "useMultipleDirections": false,
          "directions": [
            {
              "looping": false,
              "timeBetweenFrames": 0.07999999821186066,
              "sprites": [
                {
                  "hasCustomCollisionMask": false,
                  "image": "NewObject-1-4.png",
                  "points": [],
                  "originPoint": {
                    "name": "origine",
                    "x": 0,
                    "y": 0
                  },
                  "centerPoint": {
                    "automatic": true,
                    "name": "centre",
                    "x": 0,
                    "y": 0
                  },
                  "customCollisionMask": []
                }
              ]
            }
          ]
        }
      ]
    },
    {
      "name": "checkpointOfficer",
      "tags": "",
      "type": "Sprite",
      "updateIfNotVisible": false,
      "variables": [],
      "effects": [],
      "behaviors": [],
      "animations": [
        {
          "name": "NewObject",
          "useMultipleDirections": false,
          "directions": [
            {
              "looping": false,
              "timeBetweenFrames": 0.07999999821186066,
              "sprites": [
                {
                  "hasCustomCollisionMask": false,
                  "image": "NewObject-1-5.png",
                  "points": [],
                  "originPoint": {
                    "name": "origine",
                    "x": 0,
                    "y": 0
                  },
                  "centerPoint": {
                    "automatic": true,
                    "name": "centre",
                    "x": 0,
                    "y": 0
                  },
                  "customCollisionMask": []
                }
              ]
            }
          ]
        }
      ]
    },
    {
      "name": "wall",
      "tags": "",
      "type": "Sprite",
      "updateIfNotVisible": false,
      "variables": [],
      "effects": [],
      "behaviors": [],
      "animations": [
        {
          "name": "",
          "useMultipleDirections": false,
          "directions": [
            {
              "looping": false,
              "timeBetweenFrames": 0.08,
              "sprites": [
                {
                  "hasCustomCollisionMask": false,
                  "image": "Wall.png",
                  "points": [],
                  "originPoint": {
                    "name": "origine",
                    "x": 0,
                    "y": 0
                  },
                  "centerPoint": {
                    "automatic": true,
                    "name": "centre",
                    "x": 0,
                    "y": 0
                  },
                  "customCollisionMask": []
                }
              ]
            }
          ]
        }
      ]
    },
    {
      "name": "checkpointDoor",
      "tags": "",
      "type": "Sprite",
      "updateIfNotVisible": false,
      "variables": [],
      "effects": [],
      "behaviors": [],
      "animations": [
        {
          "name": "NewObject",
          "useMultipleDirections": false,
          "directions": [
            {
              "looping": false,
              "timeBetweenFrames": 0.07999999821186066,
              "sprites": [
                {
                  "hasCustomCollisionMask": false,
                  "image": "NewObject-1-6.png",
                  "points": [],
                  "originPoint": {
                    "name": "origine",
                    "x": 0,
                    "y": 0
                  },
                  "centerPoint": {
                    "automatic": true,
                    "name": "centre",
                    "x": 0,
                    "y": 0
                  },
                  "customCollisionMask": []
                }
              ]
            }
          ]
        }
      ]
    },
    {
      "name": "player",
      "tags": "",
      "type": "Sprite",
      "updateIfNotVisible": false,
      "variables": [],
      "effects": [],
      "behaviors": [],
      "animations": [
        {
          "name": "",
          "useMultipleDirections": false,
          "directions": [
            {
              "looping": false,
              "timeBetweenFrames": 0.08,
              "sprites": [
                {
                  "hasCustomCollisionMask": false,
                  "image": "player.png",
                  "points": [],
                  "originPoint": {
                    "name": "origine",
                    "x": 0,
                    "y": 0
                  },
                  "centerPoint": {
                    "automatic": true,
                    "name": "centre",
                    "x": 0,
                    "y": 0
                  },
                  "customCollisionMask": []
                }
              ]
            }
          ]
        }
      ]
    },
    {
      "name": "checkpointDoor2",
      "tags": "",
      "type": "Sprite",
      "updateIfNotVisible": false,
      "variables": [],
      "effects": [],
      "behaviors": [],
      "animations": [
        {
          "name": "",
          "useMultipleDirections": false,
          "directions": [
            {
              "looping": false,
              "timeBetweenFrames": 0.08,
              "sprites": [
                {
                  "hasCustomCollisionMask": false,
                  "image": "NewObject-1-6.png",
                  "points": [],
                  "originPoint": {
                    "name": "origine",
                    "x": 0,
                    "y": 0
                  },
                  "centerPoint": {
                    "automatic": true,
                    "name": "centre",
                    "x": 0,
                    "y": 0
                  },
                  "customCollisionMask": []
                }
              ]
            }
          ]
        }
      ]
    }
  ],
  "events": [
    {
      "colorB": 228,
      "colorG": 176,
      "colorR": 74,
      "creationTime": 0,
      "disabled": false,
      "folded": false,
      "name": "player",
      "source": "",
      "type": "BuiltinCommonInstructions::Group",
      "events": [
        {
          "disabled": false,
          "folded": false,
          "type": "BuiltinCommonInstructions::Standard",
          "conditions": [
            {
              "type": {
                "inverted": false,
                "value": "KeyPressed"
              },
              "parameters": [
                "",
                "Left"
              ],
              "subInstructions": []
            }
          ],
          "actions": [
            {
              "type": {
                "inverted": false,
                "value": "AddForceXY"
              },
              "parameters": [
                "player",
                "-300",
                "0",
                ""
              ],
              "subInstructions": []
            }
          ],
          "events": []
        },
        {
          "disabled": false,
          "folded": false,
          "type": "BuiltinCommonInstructions::Standard",
          "conditions": [
            {
              "type": {
                "inverted": false,
                "value": "KeyPressed"
              },
              "parameters": [
                "",
                "Right"
              ],
              "subInstructions": []
            }
          ],
          "actions": [
            {
              "type": {
                "inverted": false,
                "value": "AddForceXY"
              },
              "parameters": [
                "player",
                "300",
                "0",
                ""
              ],
              "subInstructions": []
            }
          ],
          "events": []
        },
        {
          "disabled": false,
          "folded": false,
          "type": "BuiltinCommonInstructions::Standard",
          "conditions": [
            {
              "type": {
                "inverted": false,
                "value": "KeyPressed"
              },
              "parameters": [
                "",
                "Up"
              ],
              "subInstructions": []
            }
          ],
          "actions": [
            {
              "type": {
                "inverted": false,
                "value": "AddForceXY"
              },
              "parameters": [
                "player",
                "0",
                "-300",
                ""
              ],
              "subInstructions": []
            }
          ],
          "events": []
        },
        {
          "disabled": false,
          "folded": false,
          "type": "BuiltinCommonInstructions::Standard",
          "conditions": [
            {
              "type": {
                "inverted": false,
                "value": "KeyPressed"
              },
              "parameters": [
                "",
                "Down"
              ],
              "subInstructions": []
            }
          ],
          "actions": [
            {
              "type": {
                "inverted": false,
                "value": "AddForceXY"
              },
              "parameters": [
                "player",
                "0",
                "300",
                ""
              ],
              "subInstructions": []
            }
          ],
          "events": []
        }
      ],
      "parameters": []
    },
    {
      "colorB": 228,
      "colorG": 176,
      "colorR": 74,
      "creationTime": 0,
      "disabled": false,
      "folded": false,
      "name": "collision",
      "source": "",
      "type": "BuiltinCommonInstructions::Group",
      "events": [
        {
          "disabled": false,
          "folded": false,
          "type": "BuiltinCommonInstructions::Standard",
          "conditions": [],
          "actions": [
            {
              "type": {
                "inverted": false,
                "value": "SeparateFromObjects"
              },
              "parameters": [
                "player",
                "counter",
                ""
              ],
              "subInstructions": []
            }
          ],
          "events": []
        }
      ],
      "parameters": []
    },
    {
      "colorB": 228,
      "colorG": 176,
      "colorR": 74,
      "creationTime": 0,
      "disabled": false,
      "folded": false,
      "name": "doors",
      "source": "",
      "type": "BuiltinCommonInstructions::Group",
      "events": [
        {
          "disabled": false,
          "folded": false,
          "type": "BuiltinCommonInstructions::Standard",
          "conditions": [
            {
              "type": {
                "inverted": false,
                "value": "CollisionNP"
              },
              "parameters": [
                "player",
                "checkpointDoor",
                "",
                "",
                ""
              ],
              "subInstructions": []
            },
            {
              "type": {
                "inverted": false,
                "value": "GlobalVariableAsBoolean"
              },
              "parameters": [
                "hasMonster",
                "True"
              ],
              "subInstructions": []
            }
          ],
          "actions": [
            {
              "type": {
                "inverted": false,
                "value": "Scene"
              },
              "parameters": [
                "",
                "\"route 1 \"",
                ""
              ],
              "subInstructions": []
            }
          ],
          "events": []
        },
        {
          "disabled": false,
          "folded": false,
          "type": "BuiltinCommonInstructions::Standard",
          "conditions": [
            {
              "type": {
                "inverted": false,
                "value": "CollisionNP"
              },
              "parameters": [
                "player",
                "checkpointDoor2",
                "",
                "",
                ""
              ],
              "subInstructions": []
            }
          ],
          "actions": [
            {
              "type": {
                "inverted": false,
                "value": "Scene"
              },
              "parameters": [
                "player",
                "\"anim Town\"",
                ""
              ],
              "subInstructions": []
            }
          ],
          "events": []
        }
      ],
      "parameters": []
    }
  ],
  "layers": [
    {
      "ambientLightColorB": 16777215,
      "ambientLightColorG": 0,
      "ambientLightColorR": 0,
      "followBaseLayerCamera": false,
      "isLightingLayer": false,
      "name": "",
      "visibility": true,
      "cameras": [
        {
          "defaultSize": true,
          "defaultViewport": true,
          "height": 0,
          "viewportBottom": 1,
          "viewportLeft": 0,
          "viewportRight": 1,
          "viewportTop": 0,
          "width": 0
        }
      ],
      "effects": []
    }
  ],
  "behaviorsSharedData": []
}