{
  "b": 81,
  "disableInputWhenNotFocused": true,
  "mangledName": "forest_32",
  "name": "forest ",
  "oglFOV": 90,
  "oglZFar": 500,
  "oglZNear": 1,
  "r": 146,
  "standardSortMethod": true,
  "stopSoundsOnStartup": true,
  "title": "",
  "v": 206,
  "uiSettings": {
    "grid": false,
    "gridType": "rectangular",
    "gridWidth": 32,
    "gridHeight": 32,
    "gridOffsetX": 0,
    "gridOffsetY": 0,
    "gridColor": 10401023,
    "gridAlpha": 0.8,
    "snap": false,
    "zoomFactor": 1,
    "windowMask": false
  },
  "objectsGroups": [],
  "variables": [],
  "instances": [],
  "objects": [],
  "events": [],
  "layers": [
    {
      "ambientLightColorB": 1869181810,
      "ambientLightColorG": 1700160615,
      "ambientLightColorR": 0,
      "followBaseLayerCamera": false,
      "isLightingLayer": false,
      "name": "",
      "visibility": true,
      "cameras": [
        {
          "defaultSize": true,
          "defaultViewport": true,
          "height": 0,
          "viewportBottom": 1,
          "viewportLeft": 0,
          "viewportRight": 1,
          "viewportTop": 0,
          "width": 0
        }
      ],
      "effects": []
    }
  ],
  "behaviorsSharedData": []
}