{
  "b": 209,
  "disableInputWhenNotFocused": true,
  "mangledName": "menu",
  "name": "menu",
  "oglFOV": 90,
  "oglZFar": 500,
  "oglZNear": 1,
  "r": 209,
  "standardSortMethod": true,
  "stopSoundsOnStartup": true,
  "title": "",
  "v": 209,
  "uiSettings": {
    "grid": false,
    "gridType": "rectangular",
    "gridWidth": 32,
    "gridHeight": 32,
    "gridOffsetX": 0,
    "gridOffsetY": 0,
    "gridColor": 10401023,
    "gridAlpha": 0.8,
    "snap": false,
    "zoomFactor": 0.5799999999999997,
    "windowMask": false
  },
  "objectsGroups": [],
  "variables": [],
  "instances": [
    {
      "angle": 0,
      "customSize": true,
      "height": 614,
      "layer": "",
      "locked": false,
      "name": "background",
      "persistentUuid": "62166149-8063-42cc-8c56-1efa7329cd4a",
      "width": 820,
      "x": -5,
      "y": -6,
      "zOrder": 1,
      "numberProperties": [],
      "stringProperties": [],
      "initialVariables": []
    },
    {
      "angle": 0,
      "customSize": false,
      "height": 0,
      "layer": "",
      "locked": false,
      "name": "Name",
      "persistentUuid": "cb623cae-cca0-4f6c-8dc6-e6bd178eb327",
      "width": 0,
      "x": 356,
      "y": 80,
      "zOrder": 2,
      "numberProperties": [],
      "stringProperties": [],
      "initialVariables": []
    },
    {
      "angle": 0,
      "customSize": true,
      "height": 67,
      "layer": "",
      "locked": false,
      "name": "button",
      "persistentUuid": "b7436b80-1f29-4465-a8e2-4ef2f56b1802",
      "width": 288,
      "x": 258,
      "y": 159,
      "zOrder": 3,
      "numberProperties": [],
      "stringProperties": [],
      "initialVariables": []
    },
    {
      "angle": 0,
      "customSize": false,
      "height": 0,
      "layer": "",
      "locked": false,
      "name": "PlayText",
      "persistentUuid": "cb3eccfe-9f2a-4960-bd79-31a4d28bb3a9",
      "width": 0,
      "x": 387,
      "y": 182,
      "zOrder": 4,
      "numberProperties": [],
      "stringProperties": [],
      "initialVariables": []
    }
  ],
  "objects": [
    {
      "name": "button",
      "tags": "",
      "type": "Sprite",
      "updateIfNotVisible": false,
      "variables": [],
      "effects": [],
      "behaviors": [],
      "animations": [
        {
          "name": "NewObject",
          "useMultipleDirections": false,
          "directions": [
            {
              "looping": false,
              "timeBetweenFrames": 0.07999999821186066,
              "sprites": [
                {
                  "hasCustomCollisionMask": false,
                  "image": "NewObject-1-13.png",
                  "points": [],
                  "originPoint": {
                    "name": "origine",
                    "x": 0,
                    "y": 0
                  },
                  "centerPoint": {
                    "automatic": true,
                    "name": "centre",
                    "x": 0,
                    "y": 0
                  },
                  "customCollisionMask": []
                }
              ]
            }
          ]
        }
      ]
    },
    {
      "name": "background",
      "tags": "",
      "type": "Sprite",
      "updateIfNotVisible": false,
      "variables": [],
      "effects": [],
      "behaviors": [],
      "animations": [
        {
          "name": "NewObject",
          "useMultipleDirections": false,
          "directions": [
            {
              "looping": false,
              "timeBetweenFrames": 0.07999999821186066,
              "sprites": [
                {
                  "hasCustomCollisionMask": false,
                  "image": "background.png",
                  "points": [],
                  "originPoint": {
                    "name": "origine",
                    "x": 0,
                    "y": 0
                  },
                  "centerPoint": {
                    "automatic": true,
                    "name": "centre",
                    "x": 0,
                    "y": 0
                  },
                  "customCollisionMask": []
                }
              ]
            }
          ]
        }
      ]
    },
    {
      "bold": false,
      "italic": false,
      "name": "Name",
      "smoothed": true,
      "tags": "",
      "type": "TextObject::Text",
      "underlined": false,
      "variables": [],
      "effects": [],
      "behaviors": [],
      "string": "PMC",
      "font": "",
      "characterSize": 40,
      "color": {
        "b": 0,
        "g": 0,
        "r": 0
      }
    },
    {
      "bold": false,
      "italic": false,
      "name": "PlayText",
      "smoothed": true,
      "tags": "",
      "type": "TextObject::Text",
      "underlined": false,
      "variables": [],
      "effects": [],
      "behaviors": [],
      "string": "Play",
      "font": "",
      "characterSize": 20,
      "color": {
        "b": 0,
        "g": 0,
        "r": 0
      }
    }
  ],
  "events": [
    {
      "colorB": 228,
      "colorG": 176,
      "colorR": 74,
      "creationTime": 0,
      "disabled": false,
      "folded": false,
      "name": "buttons",
      "source": "",
      "type": "BuiltinCommonInstructions::Group",
      "events": [
        {
          "disabled": false,
          "folded": false,
          "type": "BuiltinCommonInstructions::Standard",
          "conditions": [
            {
              "type": {
                "inverted": false,
                "value": "SourisSurObjet"
              },
              "parameters": [
                "PlayText",
                "",
                "",
                ""
              ],
              "subInstructions": []
            }
          ],
          "actions": [
            {
              "type": {
                "inverted": false,
                "value": "TextObject::ChangeColor"
              },
              "parameters": [
                "PlayText",
                "\"139;139;139\""
              ],
              "subInstructions": []
            }
          ],
          "events": []
        },
        {
          "disabled": false,
          "folded": false,
          "type": "BuiltinCommonInstructions::Standard",
          "conditions": [
            {
              "type": {
                "inverted": true,
                "value": "SourisSurObjet"
              },
              "parameters": [
                "PlayText",
                "",
                "",
                ""
              ],
              "subInstructions": []
            }
          ],
          "actions": [
            {
              "type": {
                "inverted": false,
                "value": "TextObject::ChangeColor"
              },
              "parameters": [
                "PlayText",
                "\"0;0;0\""
              ],
              "subInstructions": []
            }
          ],
          "events": []
        },
        {
          "disabled": false,
          "folded": false,
          "type": "BuiltinCommonInstructions::Standard",
          "conditions": [
            {
              "type": {
                "inverted": false,
                "value": "SourisSurObjet"
              },
              "parameters": [
                "PlayText",
                "",
                "",
                ""
              ],
              "subInstructions": []
            },
            {
              "type": {
                "inverted": false,
                "value": "MouseButtonPressed"
              },
              "parameters": [
                "",
                "Left"
              ],
              "subInstructions": []
            }
          ],
          "actions": [
            {
              "type": {
                "inverted": false,
                "value": "Scene"
              },
              "parameters": [
                "",
                "\"player_room\"",
                ""
              ],
              "subInstructions": []
            }
          ],
          "events": []
        }
      ],
      "parameters": []
    },
    {
      "disabled": false,
      "folded": false,
      "type": "BuiltinCommonInstructions::Standard",
      "conditions": [],
      "actions": [],
      "events": []
    }
  ],
  "layers": [
    {
      "ambientLightColorB": 9062112,
      "ambientLightColorG": 150995054,
      "ambientLightColorR": 1869182049,
      "followBaseLayerCamera": false,
      "isLightingLayer": false,
      "name": "",
      "visibility": true,
      "cameras": [
        {
          "defaultSize": true,
          "defaultViewport": true,
          "height": 0,
          "viewportBottom": 1,
          "viewportLeft": 0,
          "viewportRight": 1,
          "viewportTop": 0,
          "width": 0
        }
      ],
      "effects": []
    }
  ],
  "behaviorsSharedData": []
}