{
  "b": 80,
  "disableInputWhenNotFocused": true,
  "mangledName": "ora_32city",
  "name": "ora city",
  "oglFOV": 90,
  "oglZFar": 500,
  "oglZNear": 1,
  "r": 134,
  "standardSortMethod": true,
  "stopSoundsOnStartup": true,
  "title": "",
  "v": 184,
  "uiSettings": {
    "grid": false,
    "gridType": "rectangular",
    "gridWidth": 32,
    "gridHeight": 32,
    "gridOffsetX": 0,
    "gridOffsetY": 0,
    "gridColor": 10401023,
    "gridAlpha": 0.8,
    "snap": false,
    "zoomFactor": 0.6599999999999997,
    "windowMask": false
  },
  "objectsGroups": [],
  "variables": [],
  "instances": [
    {
      "angle": 0,
      "customSize": true,
      "height": 134,
      "layer": "",
      "locked": false,
      "name": "MonsterHospital",
      "persistentUuid": "c9202377-251b-4efa-8856-269d3d71d872",
      "width": 180,
      "x": 320,
      "y": 8,
      "zOrder": 1,
      "numberProperties": [],
      "stringProperties": [],
      "initialVariables": []
    },
    {
      "angle": 0,
      "customSize": true,
      "height": 77,
      "layer": "",
      "locked": false,
      "name": "MonsterHospital",
      "persistentUuid": "c081428f-48c6-4b73-9a9e-fd34fc12f67a",
      "width": 94,
      "x": -778,
      "y": 22,
      "zOrder": 2,
      "numberProperties": [],
      "stringProperties": [],
      "initialVariables": []
    },
    {
      "angle": 0,
      "customSize": true,
      "height": 64,
      "layer": "",
      "locked": false,
      "name": "path",
      "persistentUuid": "3c76aff7-891f-47dd-8000-9f528d175cf2",
      "width": 876,
      "x": 49,
      "y": 147,
      "zOrder": 3,
      "numberProperties": [],
      "stringProperties": [],
      "initialVariables": []
    },
    {
      "angle": 0,
      "customSize": true,
      "height": 365,
      "layer": "",
      "locked": false,
      "name": "path",
      "persistentUuid": "4f54ad37-5821-44a4-9173-26d8943b3673",
      "width": 64,
      "x": 862,
      "y": 213,
      "zOrder": 4,
      "numberProperties": [],
      "stringProperties": [],
      "initialVariables": []
    },
    {
      "angle": 0,
      "customSize": true,
      "height": 145,
      "layer": "",
      "locked": false,
      "name": "MonsterFortess",
      "persistentUuid": "1037c6f6-29ce-4195-810c-5f768e9fa87c",
      "width": 156,
      "x": 651,
      "y": 434,
      "zOrder": 5,
      "numberProperties": [],
      "stringProperties": [],
      "initialVariables": []
    },
    {
      "angle": 0,
      "customSize": true,
      "height": 106,
      "layer": "",
      "locked": false,
      "name": "cave",
      "persistentUuid": "2528a0e1-e963-43e1-a03f-41c51a552bb3",
      "width": 117,
      "x": -113,
      "y": 7,
      "zOrder": 6,
      "numberProperties": [],
      "stringProperties": [],
      "initialVariables": []
    },
    {
      "angle": 0,
      "customSize": true,
      "height": 97,
      "layer": "",
      "locked": false,
      "name": "tree",
      "persistentUuid": "501092e4-6fe3-4d00-abf4-1e27292e6190",
      "width": 81,
      "x": -137,
      "y": -111,
      "zOrder": 7,
      "numberProperties": [],
      "stringProperties": [],
      "initialVariables": []
    },
    {
      "angle": 0,
      "customSize": true,
      "height": 97,
      "layer": "",
      "locked": false,
      "name": "tree",
      "persistentUuid": "3f0338fb-110a-4ad2-a99a-4df01de5f661",
      "width": 81,
      "x": -68,
      "y": -108,
      "zOrder": 7,
      "numberProperties": [],
      "stringProperties": [],
      "initialVariables": []
    },
    {
      "angle": 0,
      "customSize": true,
      "height": 97,
      "layer": "",
      "locked": false,
      "name": "tree",
      "persistentUuid": "030c3ba0-6fbe-4d7a-86c0-968c3c788157",
      "width": 81,
      "x": 2,
      "y": -106,
      "zOrder": 7,
      "numberProperties": [],
      "stringProperties": [],
      "initialVariables": []
    },
    {
      "angle": 0,
      "customSize": true,
      "height": 97,
      "layer": "",
      "locked": false,
      "name": "tree",
      "persistentUuid": "a3fa3407-be86-4729-bd39-376982b86135",
      "width": 81,
      "x": 85,
      "y": -109,
      "zOrder": 7,
      "numberProperties": [],
      "stringProperties": [],
      "initialVariables": []
    },
    {
      "angle": 0,
      "customSize": true,
      "height": 97,
      "layer": "",
      "locked": false,
      "name": "tree",
      "persistentUuid": "36ed3d98-f60d-4940-bbfc-fb815ec0baa4",
      "width": 81,
      "x": 166,
      "y": -109,
      "zOrder": 7,
      "numberProperties": [],
      "stringProperties": [],
      "initialVariables": []
    },
    {
      "angle": 0,
      "customSize": false,
      "height": 0,
      "layer": "",
      "locked": false,
      "name": "player",
      "persistentUuid": "67733649-3382-4cad-b35f-adad9c1b6164",
      "width": 0,
      "x": -103,
      "y": 159,
      "zOrder": 8,
      "numberProperties": [],
      "stringProperties": [],
      "initialVariables": []
    },
    {
      "angle": 0,
      "customSize": true,
      "height": 97,
      "layer": "",
      "locked": false,
      "name": "tree",
      "persistentUuid": "d6d9751b-ecd6-49a4-8bdf-f7fd9e4df401",
      "width": 81,
      "x": 237,
      "y": -111,
      "zOrder": 7,
      "numberProperties": [],
      "stringProperties": [],
      "initialVariables": []
    },
    {
      "angle": 0,
      "customSize": true,
      "height": 97,
      "layer": "",
      "locked": false,
      "name": "tree",
      "persistentUuid": "c25c3f35-0fd8-4c52-bd09-671b785dd0e9",
      "width": 81,
      "x": 325,
      "y": -107,
      "zOrder": 7,
      "numberProperties": [],
      "stringProperties": [],
      "initialVariables": []
    },
    {
      "angle": 0,
      "customSize": true,
      "height": 71,
      "layer": "",
      "locked": false,
      "name": "tree",
      "persistentUuid": "c721490e-6131-4fb2-9c94-19e49d58eef9",
      "width": 122,
      "x": 401,
      "y": -112,
      "zOrder": 7,
      "numberProperties": [],
      "stringProperties": [],
      "initialVariables": []
    },
    {
      "angle": 0,
      "customSize": true,
      "height": 97,
      "layer": "",
      "locked": false,
      "name": "tree",
      "persistentUuid": "5f49512c-b49d-4506-9642-ed6cd41a37db",
      "width": 81,
      "x": 498,
      "y": -107,
      "zOrder": 7,
      "numberProperties": [],
      "stringProperties": [],
      "initialVariables": []
    },
    {
      "angle": 0,
      "customSize": true,
      "height": 97,
      "layer": "",
      "locked": false,
      "name": "tree",
      "persistentUuid": "2c131a6f-7082-4319-9424-dcc962c87eee",
      "width": 81,
      "x": 673,
      "y": -106,
      "zOrder": 7,
      "numberProperties": [],
      "stringProperties": [],
      "initialVariables": []
    },
    {
      "angle": 0,
      "customSize": true,
      "height": 97,
      "layer": "",
      "locked": false,
      "name": "tree",
      "persistentUuid": "2914bbf7-dd6a-408c-800a-c11d1c27b0fe",
      "width": 81,
      "x": 580,
      "y": -105,
      "zOrder": 7,
      "numberProperties": [],
      "stringProperties": [],
      "initialVariables": []
    },
    {
      "angle": 0,
      "customSize": true,
      "height": 97,
      "layer": "",
      "locked": false,
      "name": "tree",
      "persistentUuid": "b4b5e4cb-cfe7-409a-a09d-8aefdad920bf",
      "width": 81,
      "x": 816,
      "y": 6,
      "zOrder": 7,
      "numberProperties": [],
      "stringProperties": [],
      "initialVariables": []
    },
    {
      "angle": 0,
      "customSize": true,
      "height": 97,
      "layer": "",
      "locked": false,
      "name": "tree",
      "persistentUuid": "91554380-3f93-4301-84bb-bcfb660eca5b",
      "width": 81,
      "x": 816,
      "y": -105,
      "zOrder": 7,
      "numberProperties": [],
      "stringProperties": [],
      "initialVariables": []
    },
    {
      "angle": 0,
      "customSize": true,
      "height": 97,
      "layer": "",
      "locked": false,
      "name": "tree",
      "persistentUuid": "e364338b-8f70-42d8-bd5d-44e1cf658816",
      "width": 81,
      "x": 741,
      "y": -104,
      "zOrder": 7,
      "numberProperties": [],
      "stringProperties": [],
      "initialVariables": []
    },
    {
      "angle": 0,
      "customSize": true,
      "height": 97,
      "layer": "",
      "locked": false,
      "name": "tree",
      "persistentUuid": "5a64c67a-8e2b-4230-82e8-babe63092260",
      "width": 81,
      "x": 948,
      "y": 149,
      "zOrder": 7,
      "numberProperties": [],
      "stringProperties": [],
      "initialVariables": []
    },
    {
      "angle": 0,
      "customSize": true,
      "height": 97,
      "layer": "",
      "locked": false,
      "name": "tree",
      "persistentUuid": "24b3ccea-a139-483a-aeb1-7c27484a4411",
      "width": 81,
      "x": 954,
      "y": 39,
      "zOrder": 7,
      "numberProperties": [],
      "stringProperties": [],
      "initialVariables": []
    },
    {
      "angle": 0,
      "customSize": true,
      "height": 97,
      "layer": "",
      "locked": false,
      "name": "tree",
      "persistentUuid": "5a8c323e-134f-462c-b46c-c1d46fd0c14e",
      "width": 81,
      "x": 943,
      "y": 250,
      "zOrder": 7,
      "numberProperties": [],
      "stringProperties": [],
      "initialVariables": []
    },
    {
      "angle": 0,
      "customSize": true,
      "height": 97,
      "layer": "",
      "locked": false,
      "name": "tree",
      "persistentUuid": "5ffebd9f-9979-4c85-8be2-d5567d9c057c",
      "width": 81,
      "x": 881,
      "y": 41,
      "zOrder": 7,
      "numberProperties": [],
      "stringProperties": [],
      "initialVariables": []
    },
    {
      "angle": 0,
      "customSize": true,
      "height": 97,
      "layer": "",
      "locked": false,
      "name": "tree",
      "persistentUuid": "1e6649fe-41e1-40b9-9d53-56c0daf158e5",
      "width": 81,
      "x": 36,
      "y": 680,
      "zOrder": 7,
      "numberProperties": [],
      "stringProperties": [],
      "initialVariables": []
    },
    {
      "angle": 0,
      "customSize": true,
      "height": 97,
      "layer": "",
      "locked": false,
      "name": "tree",
      "persistentUuid": "08e635a0-80d3-4899-ba53-41ed11652cae",
      "width": 81,
      "x": 726,
      "y": 662,
      "zOrder": 7,
      "numberProperties": [],
      "stringProperties": [],
      "initialVariables": []
    },
    {
      "angle": 0,
      "customSize": true,
      "height": 97,
      "layer": "",
      "locked": false,
      "name": "tree",
      "persistentUuid": "c1de8c0f-00ec-46eb-92aa-a65b48d65531",
      "width": 81,
      "x": 928,
      "y": 662,
      "zOrder": 7,
      "numberProperties": [],
      "stringProperties": [],
      "initialVariables": []
    },
    {
      "angle": 0,
      "customSize": true,
      "height": 97,
      "layer": "",
      "locked": false,
      "name": "tree",
      "persistentUuid": "db5264f9-a61e-4310-8bc9-797b90db9a28",
      "width": 81,
      "x": 796,
      "y": 661,
      "zOrder": 7,
      "numberProperties": [],
      "stringProperties": [],
      "initialVariables": []
    },
    {
      "angle": 0,
      "customSize": true,
      "height": 97,
      "layer": "",
      "locked": false,
      "name": "tree",
      "persistentUuid": "18417a21-6229-4409-a6a3-57a0608045ef",
      "width": 81,
      "x": 863,
      "y": 662,
      "zOrder": 7,
      "numberProperties": [],
      "stringProperties": [],
      "initialVariables": []
    },
    {
      "angle": 0,
      "customSize": true,
      "height": 97,
      "layer": "",
      "locked": false,
      "name": "tree",
      "persistentUuid": "ea010788-59f8-45b9-b721-6f97b7399d75",
      "width": 81,
      "x": 934,
      "y": 559,
      "zOrder": 7,
      "numberProperties": [],
      "stringProperties": [],
      "initialVariables": []
    },
    {
      "angle": 0,
      "customSize": true,
      "height": 97,
      "layer": "",
      "locked": false,
      "name": "tree",
      "persistentUuid": "1ffabb2b-5510-40f4-a17b-4c4d4f9473ed",
      "width": 81,
      "x": 937,
      "y": 455,
      "zOrder": 7,
      "numberProperties": [],
      "stringProperties": [],
      "initialVariables": []
    },
    {
      "angle": 0,
      "customSize": true,
      "height": 97,
      "layer": "",
      "locked": false,
      "name": "tree",
      "persistentUuid": "413a42b4-692c-4935-8fea-215a476437d9",
      "width": 81,
      "x": 940,
      "y": 352,
      "zOrder": 7,
      "numberProperties": [],
      "stringProperties": [],
      "initialVariables": []
    },
    {
      "angle": 0,
      "customSize": true,
      "height": 97,
      "layer": "",
      "locked": false,
      "name": "tree",
      "persistentUuid": "1360377c-e70c-4b9a-aaf8-e7cf3716263c",
      "width": 81,
      "x": 471,
      "y": 667,
      "zOrder": 7,
      "numberProperties": [],
      "stringProperties": [],
      "initialVariables": []
    },
    {
      "angle": 0,
      "customSize": true,
      "height": 97,
      "layer": "",
      "locked": false,
      "name": "tree",
      "persistentUuid": "7a3458f3-2671-4a71-acc3-8aab645079e2",
      "width": 81,
      "x": 410,
      "y": 670,
      "zOrder": 7,
      "numberProperties": [],
      "stringProperties": [],
      "initialVariables": []
    },
    {
      "angle": 0,
      "customSize": true,
      "height": 97,
      "layer": "",
      "locked": false,
      "name": "tree",
      "persistentUuid": "f5a3c6ad-77ae-4c49-9764-26acb4176fd9",
      "width": 81,
      "x": 539,
      "y": 667,
      "zOrder": 7,
      "numberProperties": [],
      "stringProperties": [],
      "initialVariables": []
    },
    {
      "angle": 0,
      "customSize": true,
      "height": 97,
      "layer": "",
      "locked": false,
      "name": "tree",
      "persistentUuid": "aedca92b-1b5c-42eb-9d41-3fa0c1d1d0d1",
      "width": 81,
      "x": 655,
      "y": 665,
      "zOrder": 7,
      "numberProperties": [],
      "stringProperties": [],
      "initialVariables": []
    },
    {
      "angle": 0,
      "customSize": true,
      "height": 97,
      "layer": "",
      "locked": false,
      "name": "tree",
      "persistentUuid": "ca1f85bb-f53f-4ceb-9763-258768285140",
      "width": 81,
      "x": 596,
      "y": 667,
      "zOrder": 7,
      "numberProperties": [],
      "stringProperties": [],
      "initialVariables": []
    },
    {
      "angle": 0,
      "customSize": true,
      "height": 97,
      "layer": "",
      "locked": false,
      "name": "tree",
      "persistentUuid": "cbfdd431-87a7-4f35-a49c-47c79d38d19a",
      "width": 81,
      "x": 107,
      "y": 678,
      "zOrder": 7,
      "numberProperties": [],
      "stringProperties": [],
      "initialVariables": []
    },
    {
      "angle": 0,
      "customSize": true,
      "height": 97,
      "layer": "",
      "locked": false,
      "name": "tree",
      "persistentUuid": "070637bc-f98a-4943-9fc0-ac8284501285",
      "width": 81,
      "x": 178,
      "y": 679,
      "zOrder": 7,
      "numberProperties": [],
      "stringProperties": [],
      "initialVariables": []
    },
    {
      "angle": 0,
      "customSize": true,
      "height": 97,
      "layer": "",
      "locked": false,
      "name": "tree",
      "persistentUuid": "8a544474-7f2f-4de0-853e-a4d03960c25d",
      "width": 81,
      "x": 332,
      "y": 672,
      "zOrder": 7,
      "numberProperties": [],
      "stringProperties": [],
      "initialVariables": []
    },
    {
      "angle": 0,
      "customSize": true,
      "height": 97,
      "layer": "",
      "locked": false,
      "name": "tree",
      "persistentUuid": "99cf7e86-60f5-4a7e-8a71-85c9f2c1477b",
      "width": 81,
      "x": 250,
      "y": 676,
      "zOrder": 7,
      "numberProperties": [],
      "stringProperties": [],
      "initialVariables": []
    },
    {
      "angle": 0,
      "customSize": true,
      "height": 97,
      "layer": "",
      "locked": false,
      "name": "tree",
      "persistentUuid": "8ae2ecab-16d3-4cec-a7c0-2fea102abb13",
      "width": 81,
      "x": -23,
      "y": 338,
      "zOrder": 7,
      "numberProperties": [],
      "stringProperties": [],
      "initialVariables": []
    },
    {
      "angle": 0,
      "customSize": true,
      "height": 97,
      "layer": "",
      "locked": false,
      "name": "tree",
      "persistentUuid": "6917c989-6667-4566-b111-87f0915451b6",
      "width": 81,
      "x": -23,
      "y": 450,
      "zOrder": 7,
      "numberProperties": [],
      "stringProperties": [],
      "initialVariables": []
    },
    {
      "angle": 0,
      "customSize": true,
      "height": 97,
      "layer": "",
      "locked": false,
      "name": "tree",
      "persistentUuid": "45c0b038-6d03-4809-9dbf-bb8c32f85a16",
      "width": 81,
      "x": -25,
      "y": 562,
      "zOrder": 7,
      "numberProperties": [],
      "stringProperties": [],
      "initialVariables": []
    },
    {
      "angle": 0,
      "customSize": true,
      "height": 97,
      "layer": "",
      "locked": false,
      "name": "tree",
      "persistentUuid": "40d49189-1f28-4d2a-aff5-f66301f4a796",
      "width": 81,
      "x": -360,
      "y": 479,
      "zOrder": 7,
      "numberProperties": [],
      "stringProperties": [],
      "initialVariables": []
    },
    {
      "angle": 0,
      "customSize": true,
      "height": 97,
      "layer": "",
      "locked": false,
      "name": "tree",
      "persistentUuid": "b5be13b7-3f61-49ba-97b5-5e87dffdd1d6",
      "width": 81,
      "x": -26,
      "y": 680,
      "zOrder": 7,
      "numberProperties": [],
      "stringProperties": [],
      "initialVariables": []
    },
    {
      "angle": 0,
      "customSize": true,
      "height": 97,
      "layer": "",
      "locked": false,
      "name": "tree",
      "persistentUuid": "2ca6018f-1e9c-4653-9d61-89600fe50cdf",
      "width": 81,
      "x": -346,
      "y": 46,
      "zOrder": 7,
      "numberProperties": [],
      "stringProperties": [],
      "initialVariables": []
    },
    {
      "angle": 0,
      "customSize": true,
      "height": 97,
      "layer": "",
      "locked": false,
      "name": "tree",
      "persistentUuid": "f261853a-0e03-4461-bad4-8624d0df54cc",
      "width": 81,
      "x": -342,
      "y": 145,
      "zOrder": 7,
      "numberProperties": [],
      "stringProperties": [],
      "initialVariables": []
    },
    {
      "angle": 0,
      "customSize": true,
      "height": 97,
      "layer": "",
      "locked": false,
      "name": "tree",
      "persistentUuid": "80cdfc74-336d-44d6-9c1d-8a38dc8e6287",
      "width": 81,
      "x": -345,
      "y": 248,
      "zOrder": 7,
      "numberProperties": [],
      "stringProperties": [],
      "initialVariables": []
    },
    {
      "angle": 0,
      "customSize": true,
      "height": 97,
      "layer": "",
      "locked": false,
      "name": "tree",
      "persistentUuid": "3d78bdfe-95c4-42b4-a2af-796b94bd182d",
      "width": 81,
      "x": -199,
      "y": -111,
      "zOrder": 7,
      "numberProperties": [],
      "stringProperties": [],
      "initialVariables": []
    },
    {
      "angle": 0,
      "customSize": true,
      "height": 97,
      "layer": "",
      "locked": false,
      "name": "tree",
      "persistentUuid": "ca9b1076-b24a-4fea-a2a9-66e5f145c43d",
      "width": 81,
      "x": -372,
      "y": 703,
      "zOrder": 7,
      "numberProperties": [],
      "stringProperties": [],
      "initialVariables": []
    },
    {
      "angle": 0,
      "customSize": true,
      "height": 97,
      "layer": "",
      "locked": false,
      "name": "tree",
      "persistentUuid": "a4aa8189-8093-4e45-bbe6-b9eadedd47ff",
      "width": 81,
      "x": -343,
      "y": -70,
      "zOrder": 7,
      "numberProperties": [],
      "stringProperties": [],
      "initialVariables": []
    },
    {
      "angle": 0,
      "customSize": true,
      "height": 97,
      "layer": "",
      "locked": false,
      "name": "tree",
      "persistentUuid": "f3fbe28c-d11c-4df8-8f10-bd66a071af7b",
      "width": 81,
      "x": -369,
      "y": 597,
      "zOrder": 7,
      "numberProperties": [],
      "stringProperties": [],
      "initialVariables": []
    },
    {
      "angle": 0,
      "customSize": true,
      "height": 97,
      "layer": "",
      "locked": false,
      "name": "tree",
      "persistentUuid": "78cec430-6ff3-4dfa-ac44-b9e798a6f2ea",
      "width": 81,
      "x": -352,
      "y": 365,
      "zOrder": 7,
      "numberProperties": [],
      "stringProperties": [],
      "initialVariables": []
    },
    {
      "angle": 0,
      "customSize": true,
      "height": 97,
      "layer": "",
      "locked": false,
      "name": "tree",
      "persistentUuid": "b16c5153-0d51-42cd-94b6-6380487be74e",
      "width": 81,
      "x": -290,
      "y": -109,
      "zOrder": 7,
      "numberProperties": [],
      "stringProperties": [],
      "initialVariables": []
    }
  ],
  "objects": [
    {
      "name": "MonsterHospital",
      "tags": "",
      "type": "Sprite",
      "updateIfNotVisible": false,
      "variables": [],
      "effects": [],
      "behaviors": [],
      "animations": [
        {
          "name": "NewObject",
          "useMultipleDirections": false,
          "directions": [
            {
              "looping": false,
              "timeBetweenFrames": 0.07999999821186066,
              "sprites": [
                {
                  "hasCustomCollisionMask": false,
                  "image": "NewObject-1-12.png",
                  "points": [],
                  "originPoint": {
                    "name": "origine",
                    "x": 0,
                    "y": 0
                  },
                  "centerPoint": {
                    "automatic": true,
                    "name": "centre",
                    "x": 0,
                    "y": 0
                  },
                  "customCollisionMask": []
                }
              ]
            }
          ]
        }
      ]
    },
    {
      "name": "MonsterFortess",
      "tags": "",
      "type": "Sprite",
      "updateIfNotVisible": false,
      "variables": [],
      "effects": [],
      "behaviors": [],
      "animations": [
        {
          "name": "NewObject",
          "useMultipleDirections": false,
          "directions": [
            {
              "looping": false,
              "timeBetweenFrames": 0.07999999821186066,
              "sprites": [
                {
                  "hasCustomCollisionMask": false,
                  "image": "NewObject-1-15.png",
                  "points": [],
                  "originPoint": {
                    "name": "origine",
                    "x": 0,
                    "y": 0
                  },
                  "centerPoint": {
                    "automatic": true,
                    "name": "centre",
                    "x": 0,
                    "y": 0
                  },
                  "customCollisionMask": []
                }
              ]
            }
          ]
        }
      ]
    },
    {
      "name": "path",
      "tags": "",
      "type": "Sprite",
      "updateIfNotVisible": false,
      "variables": [],
      "effects": [],
      "behaviors": [],
      "animations": [
        {
          "name": "",
          "useMultipleDirections": false,
          "directions": [
            {
              "looping": false,
              "timeBetweenFrames": 0.08,
              "sprites": [
                {
                  "hasCustomCollisionMask": false,
                  "image": "road.png",
                  "points": [],
                  "originPoint": {
                    "name": "origine",
                    "x": 0,
                    "y": 0
                  },
                  "centerPoint": {
                    "automatic": true,
                    "name": "centre",
                    "x": 0,
                    "y": 0
                  },
                  "customCollisionMask": []
                }
              ]
            }
          ]
        }
      ]
    },
    {
      "name": "cave",
      "tags": "",
      "type": "Sprite",
      "updateIfNotVisible": false,
      "variables": [],
      "effects": [],
      "behaviors": [],
      "animations": [
        {
          "name": "",
          "useMultipleDirections": false,
          "directions": [
            {
              "looping": false,
              "timeBetweenFrames": 0.08,
              "sprites": [
                {
                  "hasCustomCollisionMask": false,
                  "image": "NewObject-1.png",
                  "points": [],
                  "originPoint": {
                    "name": "origine",
                    "x": 0,
                    "y": 0
                  },
                  "centerPoint": {
                    "automatic": true,
                    "name": "centre",
                    "x": 0,
                    "y": 0
                  },
                  "customCollisionMask": []
                }
              ]
            }
          ]
        }
      ]
    },
    {
      "name": "tree",
      "tags": "",
      "type": "Sprite",
      "updateIfNotVisible": false,
      "variables": [],
      "effects": [],
      "behaviors": [],
      "animations": [
        {
          "name": "",
          "useMultipleDirections": false,
          "directions": [
            {
              "looping": false,
              "timeBetweenFrames": 0.08,
              "sprites": [
                {
                  "hasCustomCollisionMask": false,
                  "image": "tree.png",
                  "points": [],
                  "originPoint": {
                    "name": "origine",
                    "x": 0,
                    "y": 0
                  },
                  "centerPoint": {
                    "automatic": true,
                    "name": "centre",
                    "x": 0,
                    "y": 0
                  },
                  "customCollisionMask": []
                }
              ]
            }
          ]
        }
      ]
    },
    {
      "name": "player",
      "tags": "",
      "type": "Sprite",
      "updateIfNotVisible": false,
      "variables": [],
      "effects": [],
      "behaviors": [],
      "animations": [
        {
          "name": "",
          "useMultipleDirections": false,
          "directions": [
            {
              "looping": false,
              "timeBetweenFrames": 0.08,
              "sprites": [
                {
                  "hasCustomCollisionMask": false,
                  "image": "player.png",
                  "points": [],
                  "originPoint": {
                    "name": "origine",
                    "x": 0,
                    "y": 0
                  },
                  "centerPoint": {
                    "automatic": true,
                    "name": "centre",
                    "x": 0,
                    "y": 0
                  },
                  "customCollisionMask": []
                }
              ]
            }
          ]
        }
      ]
    }
  ],
  "events": [
    {
      "colorB": 228,
      "colorG": 176,
      "colorR": 74,
      "creationTime": 0,
      "disabled": false,
      "folded": false,
      "name": "player",
      "source": "",
      "type": "BuiltinCommonInstructions::Group",
      "events": [
        {
          "disabled": false,
          "folded": false,
          "type": "BuiltinCommonInstructions::Standard",
          "conditions": [
            {
              "type": {
                "inverted": false,
                "value": "KeyPressed"
              },
              "parameters": [
                "",
                "Left"
              ],
              "subInstructions": []
            }
          ],
          "actions": [
            {
              "type": {
                "inverted": false,
                "value": "AddForceXY"
              },
              "parameters": [
                "player",
                "-300",
                "0",
                ""
              ],
              "subInstructions": []
            }
          ],
          "events": []
        },
        {
          "disabled": false,
          "folded": false,
          "type": "BuiltinCommonInstructions::Standard",
          "conditions": [
            {
              "type": {
                "inverted": false,
                "value": "KeyPressed"
              },
              "parameters": [
                "",
                "Right"
              ],
              "subInstructions": []
            }
          ],
          "actions": [
            {
              "type": {
                "inverted": false,
                "value": "AddForceXY"
              },
              "parameters": [
                "player",
                "300",
                "0",
                ""
              ],
              "subInstructions": []
            }
          ],
          "events": []
        },
        {
          "disabled": false,
          "folded": false,
          "type": "BuiltinCommonInstructions::Standard",
          "conditions": [
            {
              "type": {
                "inverted": false,
                "value": "KeyPressed"
              },
              "parameters": [
                "",
                "Up"
              ],
              "subInstructions": []
            }
          ],
          "actions": [
            {
              "type": {
                "inverted": false,
                "value": "AddForceXY"
              },
              "parameters": [
                "player",
                "0",
                "-300",
                ""
              ],
              "subInstructions": []
            }
          ],
          "events": []
        },
        {
          "disabled": false,
          "folded": false,
          "type": "BuiltinCommonInstructions::Standard",
          "conditions": [
            {
              "type": {
                "inverted": false,
                "value": "KeyPressed"
              },
              "parameters": [
                "",
                "Down"
              ],
              "subInstructions": []
            }
          ],
          "actions": [
            {
              "type": {
                "inverted": false,
                "value": "AddForceXY"
              },
              "parameters": [
                "player",
                "0",
                "300",
                ""
              ],
              "subInstructions": []
            }
          ],
          "events": []
        },
        {
          "disabled": false,
          "folded": false,
          "type": "BuiltinCommonInstructions::Standard",
          "conditions": [],
          "actions": [
            {
              "type": {
                "inverted": false,
                "value": "CentreCamera"
              },
              "parameters": [
                "",
                "player",
                "",
                "",
                ""
              ],
              "subInstructions": []
            }
          ],
          "events": []
        }
      ],
      "parameters": []
    },
    {
      "colorB": 228,
      "colorG": 176,
      "colorR": 74,
      "creationTime": 0,
      "disabled": false,
      "folded": false,
      "name": "collision",
      "source": "",
      "type": "BuiltinCommonInstructions::Group",
      "events": [
        {
          "disabled": false,
          "folded": false,
          "type": "BuiltinCommonInstructions::Standard",
          "conditions": [
            {
              "type": {
                "inverted": false,
                "value": "CollisionNP"
              },
              "parameters": [
                "player",
                "cave",
                "",
                "",
                ""
              ],
              "subInstructions": []
            }
          ],
          "actions": [
            {
              "type": {
                "inverted": false,
                "value": "Scene"
              },
              "parameters": [
                "",
                "\"cave\"",
                ""
              ],
              "subInstructions": []
            }
          ],
          "events": []
        },
        {
          "disabled": false,
          "folded": false,
          "type": "BuiltinCommonInstructions::Standard",
          "conditions": [],
          "actions": [
            {
              "type": {
                "inverted": false,
                "value": "SeparateFromObjects"
              },
              "parameters": [
                "player",
                "tree",
                ""
              ],
              "subInstructions": []
            }
          ],
          "events": []
        }
      ],
      "parameters": []
    }
  ],
  "layers": [
    {
      "ambientLightColorB": 1869181810,
      "ambientLightColorG": 1700160615,
      "ambientLightColorR": 0,
      "followBaseLayerCamera": false,
      "isLightingLayer": false,
      "name": "",
      "visibility": true,
      "cameras": [
        {
          "defaultSize": true,
          "defaultViewport": true,
          "height": 0,
          "viewportBottom": 1,
          "viewportLeft": 0,
          "viewportRight": 1,
          "viewportTop": 0,
          "width": 0
        }
      ],
      "effects": []
    }
  ],
  "behaviorsSharedData": []
}