{
  "b": 33,
  "disableInputWhenNotFocused": true,
  "mangledName": "route_321_32",
  "name": "route 1 ",
  "oglFOV": 90,
  "oglZFar": 500,
  "oglZNear": 1,
  "r": 126,
  "standardSortMethod": true,
  "stopSoundsOnStartup": true,
  "title": "",
  "v": 211,
  "uiSettings": {
    "grid": false,
    "gridType": "rectangular",
    "gridWidth": 32,
    "gridHeight": 32,
    "gridOffsetX": 0,
    "gridOffsetY": 0,
    "gridColor": 10401023,
    "gridAlpha": 0.8,
    "snap": false,
    "zoomFactor": 0.6199999999999997,
    "windowMask": false
  },
  "objectsGroups": [],
  "variables": [],
  "instances": [
    {
      "angle": 0,
      "customSize": true,
      "height": 79,
      "layer": "",
      "locked": false,
      "name": "path",
      "persistentUuid": "23b0df92-8b3c-4bb4-a5ab-d123fe47edac",
      "width": 1833,
      "x": -2,
      "y": 260,
      "zOrder": 1,
      "numberProperties": [],
      "stringProperties": [],
      "initialVariables": []
    },
    {
      "angle": 0,
      "customSize": false,
      "height": 0,
      "layer": "",
      "locked": false,
      "name": "grass",
      "persistentUuid": "812c97e9-5aa5-4052-b198-9791a88aef5b",
      "width": 0,
      "x": 1,
      "y": 387,
      "zOrder": 2,
      "numberProperties": [],
      "stringProperties": [],
      "initialVariables": []
    },
    {
      "angle": 0,
      "customSize": false,
      "height": 0,
      "layer": "",
      "locked": false,
      "name": "grass",
      "persistentUuid": "a9a4d47b-266c-4b6d-94bd-9c69e0c2bd46",
      "width": 0,
      "x": 237,
      "y": 393,
      "zOrder": 2,
      "numberProperties": [],
      "stringProperties": [],
      "initialVariables": []
    },
    {
      "angle": 0,
      "customSize": false,
      "height": 0,
      "layer": "",
      "locked": false,
      "name": "grass",
      "persistentUuid": "7d83bef7-a871-471d-9232-0d91d22eef7c",
      "width": 0,
      "x": 482,
      "y": 385,
      "zOrder": 2,
      "numberProperties": [],
      "stringProperties": [],
      "initialVariables": []
    },
    {
      "angle": 0,
      "customSize": false,
      "height": 0,
      "layer": "",
      "locked": false,
      "name": "grass",
      "persistentUuid": "a2904f6a-0c1a-49bb-b790-0e19914a2893",
      "width": 0,
      "x": 620,
      "y": 385,
      "zOrder": 2,
      "numberProperties": [],
      "stringProperties": [],
      "initialVariables": []
    },
    {
      "angle": 0,
      "customSize": false,
      "height": 0,
      "layer": "",
      "locked": false,
      "name": "grass",
      "persistentUuid": "35d50a50-b9ee-4f65-87f2-06d71d8d0fcf",
      "width": 0,
      "x": 701,
      "y": 383,
      "zOrder": 2,
      "numberProperties": [],
      "stringProperties": [],
      "initialVariables": []
    },
    {
      "angle": 0,
      "customSize": false,
      "height": 0,
      "layer": "",
      "locked": false,
      "name": "grass",
      "persistentUuid": "066dc2ff-8a71-4d56-8c93-517cfecc75a8",
      "width": 0,
      "x": 804,
      "y": 385,
      "zOrder": 2,
      "numberProperties": [],
      "stringProperties": [],
      "initialVariables": []
    },
    {
      "angle": 0,
      "customSize": true,
      "height": 64,
      "layer": "",
      "locked": false,
      "name": "grass",
      "persistentUuid": "0a889fa1-d0d5-4150-b62a-c9bdf6b2543c",
      "width": 72,
      "x": 893,
      "y": 383,
      "zOrder": 2,
      "numberProperties": [],
      "stringProperties": [],
      "initialVariables": []
    },
    {
      "angle": 0,
      "customSize": false,
      "height": 0,
      "layer": "",
      "locked": false,
      "name": "grass",
      "persistentUuid": "ad50671f-aeb9-40c8-bd86-2b51089cb765",
      "width": 0,
      "x": 984,
      "y": 383,
      "zOrder": 2,
      "numberProperties": [],
      "stringProperties": [],
      "initialVariables": []
    },
    {
      "angle": 0,
      "customSize": false,
      "height": 0,
      "layer": "",
      "locked": false,
      "name": "grass",
      "persistentUuid": "e7d718bf-70fd-463d-93b9-44510fadf515",
      "width": 0,
      "x": 1072,
      "y": 379,
      "zOrder": 2,
      "numberProperties": [],
      "stringProperties": [],
      "initialVariables": []
    },
    {
      "angle": 0,
      "customSize": false,
      "height": 0,
      "layer": "",
      "locked": false,
      "name": "grass",
      "persistentUuid": "d6f3248e-9ea9-427b-9f85-87ed5e90417a",
      "width": 0,
      "x": 1147,
      "y": 381,
      "zOrder": 2,
      "numberProperties": [],
      "stringProperties": [],
      "initialVariables": []
    },
    {
      "angle": 0,
      "customSize": true,
      "height": 64,
      "layer": "",
      "locked": false,
      "name": "grass",
      "persistentUuid": "8a7ac880-7dd7-4985-85d1-8b4183f23bbd",
      "width": 54,
      "x": 1234,
      "y": 381,
      "zOrder": 2,
      "numberProperties": [],
      "stringProperties": [],
      "initialVariables": []
    },
    {
      "angle": 0,
      "customSize": false,
      "height": 0,
      "layer": "",
      "locked": false,
      "name": "grass",
      "persistentUuid": "b0c17c15-cae5-4172-85ba-126f102f3879",
      "width": 0,
      "x": 1330,
      "y": 374,
      "zOrder": 2,
      "numberProperties": [],
      "stringProperties": [],
      "initialVariables": []
    },
    {
      "angle": 0,
      "customSize": false,
      "height": 0,
      "layer": "",
      "locked": false,
      "name": "grass",
      "persistentUuid": "2595a9f7-d1e9-433f-a351-24fb4825429e",
      "width": 0,
      "x": 1429,
      "y": 388,
      "zOrder": 2,
      "numberProperties": [],
      "stringProperties": [],
      "initialVariables": []
    },
    {
      "angle": 0,
      "customSize": false,
      "height": 0,
      "layer": "",
      "locked": false,
      "name": "grass",
      "persistentUuid": "08238e67-0274-4310-b7ab-3d1f74741ef4",
      "width": 0,
      "x": 1535,
      "y": 386,
      "zOrder": 2,
      "numberProperties": [],
      "stringProperties": [],
      "initialVariables": []
    },
    {
      "angle": 0,
      "customSize": false,
      "height": 0,
      "layer": "",
      "locked": false,
      "name": "grass",
      "persistentUuid": "e2911eab-c18b-441e-b018-4c716c2d2f92",
      "width": 0,
      "x": 1625,
      "y": 394,
      "zOrder": 2,
      "numberProperties": [],
      "stringProperties": [],
      "initialVariables": []
    },
    {
      "angle": 0,
      "customSize": false,
      "height": 0,
      "layer": "",
      "locked": false,
      "name": "grass",
      "persistentUuid": "abe0a8ae-187b-4fb4-bfc4-76283cd2ea18",
      "width": 0,
      "x": 401,
      "y": 370,
      "zOrder": 2,
      "numberProperties": [],
      "stringProperties": [],
      "initialVariables": []
    },
    {
      "angle": 0,
      "customSize": false,
      "height": 0,
      "layer": "",
      "locked": false,
      "name": "grass",
      "persistentUuid": "66aa722b-cbec-4c5a-a744-b746c9da2b9d",
      "width": 0,
      "x": 557,
      "y": 381,
      "zOrder": 2,
      "numberProperties": [],
      "stringProperties": [],
      "initialVariables": []
    },
    {
      "angle": 0,
      "customSize": true,
      "height": 52,
      "layer": "",
      "locked": false,
      "name": "grass",
      "persistentUuid": "f597f3dd-3dd3-4eb1-ae01-5f213e804d01",
      "width": 64,
      "x": 326,
      "y": 397,
      "zOrder": 2,
      "numberProperties": [],
      "stringProperties": [],
      "initialVariables": []
    },
    {
      "angle": 0,
      "customSize": false,
      "height": 0,
      "layer": "",
      "locked": false,
      "name": "grass",
      "persistentUuid": "99afba2b-5be0-4ad9-b31a-f9b8286cf26a",
      "width": 0,
      "x": 159,
      "y": 379,
      "zOrder": 2,
      "numberProperties": [],
      "stringProperties": [],
      "initialVariables": []
    },
    {
      "angle": 0,
      "customSize": false,
      "height": 0,
      "layer": "",
      "locked": false,
      "name": "grass",
      "persistentUuid": "33d2de90-9617-4218-9371-a745c99834e9",
      "width": 0,
      "x": 86,
      "y": 397,
      "zOrder": 2,
      "numberProperties": [],
      "stringProperties": [],
      "initialVariables": []
    },
    {
      "angle": 0,
      "customSize": false,
      "height": 0,
      "layer": "",
      "locked": false,
      "name": "grass",
      "persistentUuid": "587b343d-73bd-4060-9bca-50d6b6a75afd",
      "width": 0,
      "x": 8,
      "y": 140,
      "zOrder": 3,
      "numberProperties": [],
      "stringProperties": [],
      "initialVariables": []
    },
    {
      "angle": 0,
      "customSize": false,
      "height": 0,
      "layer": "",
      "locked": false,
      "name": "grass",
      "persistentUuid": "5490eaaa-bad1-4439-a8d0-83ef32fc87f7",
      "width": 0,
      "x": 261,
      "y": 143,
      "zOrder": 2,
      "numberProperties": [],
      "stringProperties": [],
      "initialVariables": []
    },
    {
      "angle": 0,
      "customSize": false,
      "height": 0,
      "layer": "",
      "locked": false,
      "name": "grass",
      "persistentUuid": "49c8afc0-2363-40a4-b732-37e6bff125c8",
      "width": 0,
      "x": 338,
      "y": 141,
      "zOrder": 2,
      "numberProperties": [],
      "stringProperties": [],
      "initialVariables": []
    },
    {
      "angle": 0,
      "customSize": true,
      "height": 64,
      "layer": "",
      "locked": false,
      "name": "grass",
      "persistentUuid": "af1d72d4-8382-4916-bd01-893638570161",
      "width": 72,
      "x": 86,
      "y": 141,
      "zOrder": 2,
      "numberProperties": [],
      "stringProperties": [],
      "initialVariables": []
    },
    {
      "angle": 0,
      "customSize": false,
      "height": 0,
      "layer": "",
      "locked": false,
      "name": "grass",
      "persistentUuid": "80065f30-1c76-4177-b561-5b245c06d863",
      "width": 0,
      "x": 176,
      "y": 141,
      "zOrder": 2,
      "numberProperties": [],
      "stringProperties": [],
      "initialVariables": []
    },
    {
      "angle": 0,
      "customSize": true,
      "height": 64,
      "layer": "",
      "locked": false,
      "name": "grass",
      "persistentUuid": "8c7b4f8e-aaac-4b27-906d-3bb2febdbe7c",
      "width": 79,
      "x": 424,
      "y": 141,
      "zOrder": 2,
      "numberProperties": [],
      "stringProperties": [],
      "initialVariables": []
    },
    {
      "angle": 0,
      "customSize": false,
      "height": 0,
      "layer": "",
      "locked": false,
      "name": "grass",
      "persistentUuid": "372816b2-2806-4ef5-8f8e-81a59914378b",
      "width": 0,
      "x": 528,
      "y": 141,
      "zOrder": 2,
      "numberProperties": [],
      "stringProperties": [],
      "initialVariables": []
    },
    {
      "angle": 0,
      "customSize": false,
      "height": 0,
      "layer": "",
      "locked": false,
      "name": "grass",
      "persistentUuid": "14af5a66-2dcf-488a-ab39-625f6f727d48",
      "width": 0,
      "x": 605,
      "y": 144,
      "zOrder": 2,
      "numberProperties": [],
      "stringProperties": [],
      "initialVariables": []
    },
    {
      "angle": 0,
      "customSize": false,
      "height": 0,
      "layer": "",
      "locked": false,
      "name": "grass",
      "persistentUuid": "db05a7d7-b166-45eb-bf08-ec44230c8f44",
      "width": 0,
      "x": 703,
      "y": 143,
      "zOrder": 2,
      "numberProperties": [],
      "stringProperties": [],
      "initialVariables": []
    },
    {
      "angle": 0,
      "customSize": false,
      "height": 0,
      "layer": "",
      "locked": false,
      "name": "grass",
      "persistentUuid": "0ce57587-0a81-425d-84e3-e7d2a8528cca",
      "width": 0,
      "x": 795,
      "y": 147,
      "zOrder": 2,
      "numberProperties": [],
      "stringProperties": [],
      "initialVariables": []
    },
    {
      "angle": 0,
      "customSize": false,
      "height": 0,
      "layer": "",
      "locked": false,
      "name": "grass",
      "persistentUuid": "75d11f0b-4205-4c2d-ab12-63f002314c0e",
      "width": 0,
      "x": 899,
      "y": 143,
      "zOrder": 2,
      "numberProperties": [],
      "stringProperties": [],
      "initialVariables": []
    },
    {
      "angle": 0,
      "customSize": false,
      "height": 0,
      "layer": "",
      "locked": false,
      "name": "grass",
      "persistentUuid": "07cb4494-a6cc-4e33-9fc4-647f0f0f67df",
      "width": 0,
      "x": 999,
      "y": 145,
      "zOrder": 2,
      "numberProperties": [],
      "stringProperties": [],
      "initialVariables": []
    },
    {
      "angle": 0,
      "customSize": false,
      "height": 0,
      "layer": "",
      "locked": false,
      "name": "grass",
      "persistentUuid": "48e3d8a1-8e38-4d77-a80d-75227b58f415",
      "width": 0,
      "x": 1086,
      "y": 152,
      "zOrder": 2,
      "numberProperties": [],
      "stringProperties": [],
      "initialVariables": []
    },
    {
      "angle": 0,
      "customSize": false,
      "height": 0,
      "layer": "",
      "locked": false,
      "name": "grass",
      "persistentUuid": "bad6deec-0882-4a4c-a020-7c18e5b3c412",
      "width": 0,
      "x": 1195,
      "y": 141,
      "zOrder": 2,
      "numberProperties": [],
      "stringProperties": [],
      "initialVariables": []
    },
    {
      "angle": 0,
      "customSize": false,
      "height": 0,
      "layer": "",
      "locked": false,
      "name": "grass",
      "persistentUuid": "0391c1fb-4888-46d8-90a6-add0cb354268",
      "width": 0,
      "x": 1686,
      "y": 137,
      "zOrder": 2,
      "numberProperties": [],
      "stringProperties": [],
      "initialVariables": []
    },
    {
      "angle": 0,
      "customSize": false,
      "height": 0,
      "layer": "",
      "locked": false,
      "name": "grass",
      "persistentUuid": "cc609182-5214-47e0-9338-4e3767518a97",
      "width": 0,
      "x": 1588,
      "y": 141,
      "zOrder": 2,
      "numberProperties": [],
      "stringProperties": [],
      "initialVariables": []
    },
    {
      "angle": 0,
      "customSize": false,
      "height": 0,
      "layer": "",
      "locked": false,
      "name": "grass",
      "persistentUuid": "fbfeb3ad-611a-42e5-998a-e50560c694bb",
      "width": 0,
      "x": 1488,
      "y": 149,
      "zOrder": 2,
      "numberProperties": [],
      "stringProperties": [],
      "initialVariables": []
    },
    {
      "angle": 0,
      "customSize": false,
      "height": 0,
      "layer": "",
      "locked": false,
      "name": "grass",
      "persistentUuid": "5fa1f14a-1ed6-4f65-98db-6c4aa3524da2",
      "width": 0,
      "x": 1299,
      "y": 143,
      "zOrder": 2,
      "numberProperties": [],
      "stringProperties": [],
      "initialVariables": []
    },
    {
      "angle": 0,
      "customSize": false,
      "height": 0,
      "layer": "",
      "locked": false,
      "name": "grass",
      "persistentUuid": "dda86015-08aa-4ceb-805a-c9914960ad0c",
      "width": 0,
      "x": 1395,
      "y": 145,
      "zOrder": 2,
      "numberProperties": [],
      "stringProperties": [],
      "initialVariables": []
    },
    {
      "angle": 0,
      "customSize": false,
      "height": 0,
      "layer": "",
      "locked": false,
      "name": "grass",
      "persistentUuid": "de46352f-90b0-4b3f-a466-cc280b549b1f",
      "width": 0,
      "x": 1768,
      "y": 139,
      "zOrder": 2,
      "numberProperties": [],
      "stringProperties": [],
      "initialVariables": []
    },
    {
      "angle": 0,
      "customSize": true,
      "height": 149,
      "layer": "",
      "locked": false,
      "name": "tree",
      "persistentUuid": "a9edbb09-2d77-430c-b6ab-680847c99eae",
      "width": 127,
      "x": -155,
      "y": -268,
      "zOrder": 4,
      "numberProperties": [],
      "stringProperties": [],
      "initialVariables": []
    },
    {
      "angle": 0,
      "customSize": true,
      "height": 149,
      "layer": "",
      "locked": false,
      "name": "tree",
      "persistentUuid": "ee317b0c-6fc9-473b-b0e2-60c02f511425",
      "width": 127,
      "x": -30,
      "y": -265,
      "zOrder": 4,
      "numberProperties": [],
      "stringProperties": [],
      "initialVariables": []
    },
    {
      "angle": 0,
      "customSize": true,
      "height": 149,
      "layer": "",
      "locked": false,
      "name": "tree",
      "persistentUuid": "e64bf3bd-f5dd-49e9-a992-cd735611a2c0",
      "width": 127,
      "x": -170,
      "y": -90,
      "zOrder": 4,
      "numberProperties": [],
      "stringProperties": [],
      "initialVariables": []
    },
    {
      "angle": 0,
      "customSize": true,
      "height": 149,
      "layer": "",
      "locked": false,
      "name": "tree",
      "persistentUuid": "859bd935-c6a4-4203-9676-20c1457b69d2",
      "width": 127,
      "x": -181,
      "y": 554,
      "zOrder": 4,
      "numberProperties": [],
      "stringProperties": [],
      "initialVariables": []
    },
    {
      "angle": 0,
      "customSize": true,
      "height": 149,
      "layer": "",
      "locked": false,
      "name": "tree",
      "persistentUuid": "61e74a14-7aa5-4a9a-b989-b07de0f52969",
      "width": 127,
      "x": -183,
      "y": 721,
      "zOrder": 4,
      "numberProperties": [],
      "stringProperties": [],
      "initialVariables": []
    },
    {
      "angle": 0,
      "customSize": true,
      "height": 149,
      "layer": "",
      "locked": false,
      "name": "tree",
      "persistentUuid": "dd5d4207-ffc2-4819-8e53-842a37dab155",
      "width": 127,
      "x": 59,
      "y": 717,
      "zOrder": 4,
      "numberProperties": [],
      "stringProperties": [],
      "initialVariables": []
    },
    {
      "angle": 0,
      "customSize": true,
      "height": 149,
      "layer": "",
      "locked": false,
      "name": "tree",
      "persistentUuid": "189f9ec3-6891-42ba-82aa-29b78883f79c",
      "width": 127,
      "x": -50,
      "y": 719,
      "zOrder": 4,
      "numberProperties": [],
      "stringProperties": [],
      "initialVariables": []
    },
    {
      "angle": 0,
      "customSize": true,
      "height": 149,
      "layer": "",
      "locked": false,
      "name": "tree",
      "persistentUuid": "5d9da0d0-e49f-4b72-8a65-f8f95ef44ea6",
      "width": 127,
      "x": 175,
      "y": 717,
      "zOrder": 4,
      "numberProperties": [],
      "stringProperties": [],
      "initialVariables": []
    },
    {
      "angle": 0,
      "customSize": true,
      "height": 149,
      "layer": "",
      "locked": false,
      "name": "tree",
      "persistentUuid": "1da3ae93-9029-4ad9-ba26-172487dc2585",
      "width": 127,
      "x": 284,
      "y": -261,
      "zOrder": 4,
      "numberProperties": [],
      "stringProperties": [],
      "initialVariables": []
    },
    {
      "angle": 0,
      "customSize": true,
      "height": 149,
      "layer": "",
      "locked": false,
      "name": "tree",
      "persistentUuid": "8e8a089f-bd8a-443c-9a79-e7d4443586c0",
      "width": 127,
      "x": 177,
      "y": -262,
      "zOrder": 4,
      "numberProperties": [],
      "stringProperties": [],
      "initialVariables": []
    },
    {
      "angle": 0,
      "customSize": true,
      "height": 149,
      "layer": "",
      "locked": false,
      "name": "tree",
      "persistentUuid": "1a3b737f-a148-4e5c-8d7c-1383bb2ca3ca",
      "width": 127,
      "x": 71,
      "y": -266,
      "zOrder": 4,
      "numberProperties": [],
      "stringProperties": [],
      "initialVariables": []
    },
    {
      "angle": 0,
      "customSize": true,
      "height": 149,
      "layer": "",
      "locked": false,
      "name": "tree",
      "persistentUuid": "f4687a18-946f-421b-a582-55b07b1da777",
      "width": 127,
      "x": 902,
      "y": 721,
      "zOrder": 4,
      "numberProperties": [],
      "stringProperties": [],
      "initialVariables": []
    },
    {
      "angle": 0,
      "customSize": true,
      "height": 149,
      "layer": "",
      "locked": false,
      "name": "tree",
      "persistentUuid": "309dc388-b06f-4727-88f9-c69c445fea70",
      "width": 127,
      "x": 784,
      "y": 723,
      "zOrder": 4,
      "numberProperties": [],
      "stringProperties": [],
      "initialVariables": []
    },
    {
      "angle": 0,
      "customSize": true,
      "height": 149,
      "layer": "",
      "locked": false,
      "name": "tree",
      "persistentUuid": "6bbd7877-11f2-4647-a1f5-3c574678bdcf",
      "width": 127,
      "x": 665,
      "y": 726,
      "zOrder": 4,
      "numberProperties": [],
      "stringProperties": [],
      "initialVariables": []
    },
    {
      "angle": 0,
      "customSize": true,
      "height": 149,
      "layer": "",
      "locked": false,
      "name": "tree",
      "persistentUuid": "230b3a1c-77dc-44d3-b9d7-31ae68ee3430",
      "width": 127,
      "x": 524,
      "y": 721,
      "zOrder": 4,
      "numberProperties": [],
      "stringProperties": [],
      "initialVariables": []
    },
    {
      "angle": 0,
      "customSize": true,
      "height": 149,
      "layer": "",
      "locked": false,
      "name": "tree",
      "persistentUuid": "b11bfe24-8903-43c3-ba77-0c781e76017f",
      "width": 127,
      "x": 312.9134216308594,
      "y": 725.25,
      "zOrder": 4,
      "numberProperties": [],
      "stringProperties": [],
      "initialVariables": []
    },
    {
      "angle": 0,
      "customSize": true,
      "height": 149,
      "layer": "",
      "locked": false,
      "name": "tree",
      "persistentUuid": "52725807-5aee-411b-ba72-275d37f1d4e2",
      "width": 127,
      "x": 419,
      "y": 719,
      "zOrder": 4,
      "numberProperties": [],
      "stringProperties": [],
      "initialVariables": []
    },
    {
      "angle": 0,
      "customSize": true,
      "height": 149,
      "layer": "",
      "locked": false,
      "name": "tree",
      "persistentUuid": "d64e1d2c-0d94-45c5-8412-cf326c810385",
      "width": 129,
      "x": 588,
      "y": -258,
      "zOrder": 4,
      "numberProperties": [],
      "stringProperties": [],
      "initialVariables": []
    },
    {
      "angle": 0,
      "customSize": true,
      "height": 149,
      "layer": "",
      "locked": false,
      "name": "tree",
      "persistentUuid": "2f205c74-3e14-46c3-8a80-59a382179daa",
      "width": 127,
      "x": 488,
      "y": -259,
      "zOrder": 4,
      "numberProperties": [],
      "stringProperties": [],
      "initialVariables": []
    },
    {
      "angle": 0,
      "customSize": true,
      "height": 149,
      "layer": "",
      "locked": false,
      "name": "tree",
      "persistentUuid": "25a9ee89-e90d-443f-9f02-f0cb6c2ec43c",
      "width": 127,
      "x": 379,
      "y": -261,
      "zOrder": 4,
      "numberProperties": [],
      "stringProperties": [],
      "initialVariables": []
    },
    {
      "angle": 0,
      "customSize": true,
      "height": 149,
      "layer": "",
      "locked": false,
      "name": "tree",
      "persistentUuid": "018796db-4fce-4f38-9406-9b14eadb522e",
      "width": 127,
      "x": 687,
      "y": -255,
      "zOrder": 4,
      "numberProperties": [],
      "stringProperties": [],
      "initialVariables": []
    },
    {
      "angle": 0,
      "customSize": true,
      "height": 149,
      "layer": "",
      "locked": false,
      "name": "tree",
      "persistentUuid": "b2feecb7-ee17-42a2-afb9-0903028a82d7",
      "width": 127,
      "x": 782,
      "y": -257,
      "zOrder": 4,
      "numberProperties": [],
      "stringProperties": [],
      "initialVariables": []
    },
    {
      "angle": 0,
      "customSize": true,
      "height": 149,
      "layer": "",
      "locked": false,
      "name": "tree",
      "persistentUuid": "e04e48dd-d249-4927-bc06-cc2c7278d8e5",
      "width": 127,
      "x": 901,
      "y": -252,
      "zOrder": 4,
      "numberProperties": [],
      "stringProperties": [],
      "initialVariables": []
    },
    {
      "angle": 0,
      "customSize": true,
      "height": 149,
      "layer": "",
      "locked": false,
      "name": "tree",
      "persistentUuid": "1edc0bca-53b3-4d75-ba0c-4b725f6b09e3",
      "width": 127,
      "x": 1036,
      "y": -249,
      "zOrder": 4,
      "numberProperties": [],
      "stringProperties": [],
      "initialVariables": []
    },
    {
      "angle": 0,
      "customSize": true,
      "height": 149,
      "layer": "",
      "locked": false,
      "name": "tree",
      "persistentUuid": "720cca83-663d-4735-8773-54d8fc364641",
      "width": 127,
      "x": 1136,
      "y": -249,
      "zOrder": 4,
      "numberProperties": [],
      "stringProperties": [],
      "initialVariables": []
    },
    {
      "angle": 0,
      "customSize": true,
      "height": 149,
      "layer": "",
      "locked": false,
      "name": "tree",
      "persistentUuid": "11a49636-2815-4a48-a2bb-06739728b141",
      "width": 127,
      "x": 1647,
      "y": -251,
      "zOrder": 4,
      "numberProperties": [],
      "stringProperties": [],
      "initialVariables": []
    },
    {
      "angle": 0,
      "customSize": true,
      "height": 149,
      "layer": "",
      "locked": false,
      "name": "tree",
      "persistentUuid": "80e8bb88-48e1-44a4-abde-e50e2bbca928",
      "width": 127,
      "x": 1539,
      "y": -246,
      "zOrder": 4,
      "numberProperties": [],
      "stringProperties": [],
      "initialVariables": []
    },
    {
      "angle": 0,
      "customSize": true,
      "height": 149,
      "layer": "",
      "locked": false,
      "name": "tree",
      "persistentUuid": "5dc82698-09e4-4d1f-b73a-206e0babb57a",
      "width": 127,
      "x": 1444,
      "y": -248,
      "zOrder": 4,
      "numberProperties": [],
      "stringProperties": [],
      "initialVariables": []
    },
    {
      "angle": 0,
      "customSize": true,
      "height": 149,
      "layer": "",
      "locked": false,
      "name": "tree",
      "persistentUuid": "140a63b2-b7b1-4c7e-b261-fb323e8c0936",
      "width": 127,
      "x": 898.5833129882812,
      "y": -256.8333435058594,
      "zOrder": 4,
      "numberProperties": [],
      "stringProperties": [],
      "initialVariables": []
    },
    {
      "angle": 0,
      "customSize": true,
      "height": 149,
      "layer": "",
      "locked": false,
      "name": "tree",
      "persistentUuid": "ba01e197-cee1-4092-8ae4-bd31f79c8e0e",
      "width": 127,
      "x": 1346,
      "y": -247,
      "zOrder": 4,
      "numberProperties": [],
      "stringProperties": [],
      "initialVariables": []
    },
    {
      "angle": 0,
      "customSize": true,
      "height": 149,
      "layer": "",
      "locked": false,
      "name": "tree",
      "persistentUuid": "80922e8f-6ee2-420f-9ef5-0ebaef03e5d4",
      "width": 127,
      "x": 1248,
      "y": -245,
      "zOrder": 4,
      "numberProperties": [],
      "stringProperties": [],
      "initialVariables": []
    },
    {
      "angle": 0,
      "customSize": true,
      "height": 149,
      "layer": "",
      "locked": false,
      "name": "tree",
      "persistentUuid": "e7c8a541-6615-4402-a08f-61a10edd8271",
      "width": 127,
      "x": 1007,
      "y": 729,
      "zOrder": 4,
      "numberProperties": [],
      "stringProperties": [],
      "initialVariables": []
    },
    {
      "angle": 0,
      "customSize": true,
      "height": 149,
      "layer": "",
      "locked": false,
      "name": "tree",
      "persistentUuid": "3e0e4498-071e-4623-927e-dbe3ca1b882a",
      "width": 127,
      "x": 1759,
      "y": -247,
      "zOrder": 4,
      "numberProperties": [],
      "stringProperties": [],
      "initialVariables": []
    },
    {
      "angle": 0,
      "customSize": true,
      "height": 149,
      "layer": "",
      "locked": false,
      "name": "tree",
      "persistentUuid": "3f2e0be5-7d5c-44ac-b40c-84cc49b3bbca",
      "width": 127,
      "x": 1850,
      "y": -245,
      "zOrder": 4,
      "numberProperties": [],
      "stringProperties": [],
      "initialVariables": []
    },
    {
      "angle": 0,
      "customSize": true,
      "height": 149,
      "layer": "",
      "locked": false,
      "name": "tree",
      "persistentUuid": "540abc4b-af96-4bc4-a34d-8354c05e2bdf",
      "width": 143,
      "x": 1839,
      "y": -88,
      "zOrder": 4,
      "numberProperties": [],
      "stringProperties": [],
      "initialVariables": []
    },
    {
      "angle": 0,
      "customSize": true,
      "height": 149,
      "layer": "",
      "locked": false,
      "name": "tree",
      "persistentUuid": "fa2978cb-b402-48ff-b957-2da89e69165a",
      "width": 127,
      "x": 1842,
      "y": 69,
      "zOrder": 4,
      "numberProperties": [],
      "stringProperties": [],
      "initialVariables": []
    },
    {
      "angle": 0,
      "customSize": true,
      "height": 149,
      "layer": "",
      "locked": false,
      "name": "tree",
      "persistentUuid": "97d44230-83c3-4128-9cc6-654e3bd9dd10",
      "width": 127,
      "x": 1829,
      "y": 394,
      "zOrder": 4,
      "numberProperties": [],
      "stringProperties": [],
      "initialVariables": []
    },
    {
      "angle": 0,
      "customSize": true,
      "height": 149,
      "layer": "",
      "locked": false,
      "name": "tree",
      "persistentUuid": "3bb62b52-7b1d-47d8-8551-a15db7b9cdd3",
      "width": 127,
      "x": 1836,
      "y": 562,
      "zOrder": 4,
      "numberProperties": [],
      "stringProperties": [],
      "initialVariables": []
    },
    {
      "angle": 0,
      "customSize": true,
      "height": 149,
      "layer": "",
      "locked": false,
      "name": "tree",
      "persistentUuid": "f942b496-266c-44fb-ba19-bc6efdf67975",
      "width": 127,
      "x": 1839,
      "y": 232,
      "zOrder": 4,
      "numberProperties": [],
      "stringProperties": [],
      "initialVariables": []
    },
    {
      "angle": 0,
      "customSize": true,
      "height": 149,
      "layer": "",
      "locked": false,
      "name": "tree",
      "persistentUuid": "0125d5d3-1f25-4436-ac3a-717ddfbad791",
      "width": 127,
      "x": 1355,
      "y": 727,
      "zOrder": 4,
      "numberProperties": [],
      "stringProperties": [],
      "initialVariables": []
    },
    {
      "angle": 0,
      "customSize": true,
      "height": 149,
      "layer": "",
      "locked": false,
      "name": "tree",
      "persistentUuid": "2885edc0-adaa-40ff-b938-6cfab37f824a",
      "width": 127,
      "x": 1491,
      "y": 727,
      "zOrder": 4,
      "numberProperties": [],
      "stringProperties": [],
      "initialVariables": []
    },
    {
      "angle": 0,
      "customSize": true,
      "height": 149,
      "layer": "",
      "locked": false,
      "name": "tree",
      "persistentUuid": "1be8014a-f456-404e-a1a2-217ecf17fb2c",
      "width": 127,
      "x": 1825,
      "y": 717,
      "zOrder": 4,
      "numberProperties": [],
      "stringProperties": [],
      "initialVariables": []
    },
    {
      "angle": 0,
      "customSize": true,
      "height": 149,
      "layer": "",
      "locked": false,
      "name": "tree",
      "persistentUuid": "38641b20-93ea-48a0-b4cc-b921e1e26b80",
      "width": 127,
      "x": 1588,
      "y": 734,
      "zOrder": 4,
      "numberProperties": [],
      "stringProperties": [],
      "initialVariables": []
    },
    {
      "angle": 0,
      "customSize": true,
      "height": 149,
      "layer": "",
      "locked": false,
      "name": "tree",
      "persistentUuid": "53d26823-a68c-4b70-8af6-4cd346e68420",
      "width": 127,
      "x": 1702,
      "y": 723,
      "zOrder": 4,
      "numberProperties": [],
      "stringProperties": [],
      "initialVariables": []
    },
    {
      "angle": 0,
      "customSize": true,
      "height": 149,
      "layer": "",
      "locked": false,
      "name": "tree",
      "persistentUuid": "d29a7563-33aa-4166-938d-a3d8dfc1df64",
      "width": 127,
      "x": 1109,
      "y": 727,
      "zOrder": 4,
      "numberProperties": [],
      "stringProperties": [],
      "initialVariables": []
    },
    {
      "angle": 0,
      "customSize": true,
      "height": 149,
      "layer": "",
      "locked": false,
      "name": "tree",
      "persistentUuid": "b5eb9394-a048-4597-a949-70d7777b641b",
      "width": 127,
      "x": 1218,
      "y": 730,
      "zOrder": 4,
      "numberProperties": [],
      "stringProperties": [],
      "initialVariables": []
    },
    {
      "angle": 0,
      "customSize": false,
      "height": 0,
      "layer": "",
      "locked": false,
      "name": "grass",
      "persistentUuid": "d1435951-8305-44b4-bfad-bae763b241dd",
      "width": 0,
      "x": 1707.5,
      "y": 389,
      "zOrder": 2,
      "numberProperties": [],
      "stringProperties": [],
      "initialVariables": []
    },
    {
      "angle": 0,
      "customSize": false,
      "height": 0,
      "layer": "",
      "locked": false,
      "name": "grass",
      "persistentUuid": "c9c19a1e-45dd-4be7-aeab-6bc0f2fc4562",
      "width": 0,
      "x": 1783,
      "y": 392,
      "zOrder": 2,
      "numberProperties": [],
      "stringProperties": [],
      "initialVariables": []
    },
    {
      "angle": 180,
      "customSize": true,
      "height": 480,
      "layer": "",
      "locked": false,
      "name": "checkpoint",
      "persistentUuid": "1df94260-454d-4bbc-957e-383928466168",
      "width": 253,
      "x": -238,
      "y": 62,
      "zOrder": 5,
      "numberProperties": [],
      "stringProperties": [],
      "initialVariables": []
    },
    {
      "angle": 0,
      "customSize": true,
      "height": 127,
      "layer": "",
      "locked": false,
      "name": "player",
      "persistentUuid": "30d55b8e-eeae-4c54-90e6-13b19880819a",
      "width": 94,
      "x": 66,
      "y": 235,
      "zOrder": 6,
      "numberProperties": [],
      "stringProperties": [],
      "initialVariables": []
    },
    {
      "angle": 0,
      "customSize": true,
      "height": 79,
      "layer": "",
      "locked": false,
      "name": "cave",
      "persistentUuid": "26bc580b-8213-40d6-95d7-03c17420bba8",
      "width": 175,
      "x": 1553,
      "y": 33,
      "zOrder": 7,
      "numberProperties": [],
      "stringProperties": [],
      "initialVariables": []
    }
  ],
  "objects": [
    {
      "name": "path",
      "tags": "",
      "type": "Sprite",
      "updateIfNotVisible": false,
      "variables": [],
      "effects": [],
      "behaviors": [],
      "animations": [
        {
          "name": "",
          "useMultipleDirections": false,
          "directions": [
            {
              "looping": false,
              "timeBetweenFrames": 0.08,
              "sprites": [
                {
                  "hasCustomCollisionMask": false,
                  "image": "road.png",
                  "points": [],
                  "originPoint": {
                    "name": "origine",
                    "x": 0,
                    "y": 0
                  },
                  "centerPoint": {
                    "automatic": true,
                    "name": "centre",
                    "x": 0,
                    "y": 0
                  },
                  "customCollisionMask": []
                }
              ]
            }
          ]
        }
      ]
    },
    {
      "name": "grass",
      "tags": "",
      "type": "Sprite",
      "updateIfNotVisible": false,
      "variables": [],
      "effects": [],
      "behaviors": [],
      "animations": [
        {
          "name": "",
          "useMultipleDirections": false,
          "directions": [
            {
              "looping": false,
              "timeBetweenFrames": 0.08,
              "sprites": [
                {
                  "hasCustomCollisionMask": false,
                  "image": "grass.png",
                  "points": [],
                  "originPoint": {
                    "name": "origine",
                    "x": 0,
                    "y": 0
                  },
                  "centerPoint": {
                    "automatic": true,
                    "name": "centre",
                    "x": 0,
                    "y": 0
                  },
                  "customCollisionMask": []
                }
              ]
            }
          ]
        }
      ]
    },
    {
      "name": "tree",
      "tags": "",
      "type": "Sprite",
      "updateIfNotVisible": false,
      "variables": [],
      "effects": [],
      "behaviors": [],
      "animations": [
        {
          "name": "",
          "useMultipleDirections": false,
          "directions": [
            {
              "looping": false,
              "timeBetweenFrames": 0.08,
              "sprites": [
                {
                  "hasCustomCollisionMask": false,
                  "image": "tree.png",
                  "points": [],
                  "originPoint": {
                    "name": "origine",
                    "x": 0,
                    "y": 0
                  },
                  "centerPoint": {
                    "automatic": true,
                    "name": "centre",
                    "x": 0,
                    "y": 0
                  },
                  "customCollisionMask": []
                }
              ]
            }
          ]
        }
      ]
    },
    {
      "name": "checkpoint",
      "tags": "",
      "type": "Sprite",
      "updateIfNotVisible": false,
      "variables": [],
      "effects": [],
      "behaviors": [],
      "animations": [
        {
          "name": "",
          "useMultipleDirections": false,
          "directions": [
            {
              "looping": false,
              "timeBetweenFrames": 0.08,
              "sprites": [
                {
                  "hasCustomCollisionMask": false,
                  "image": "NewObject-1-3.png",
                  "points": [],
                  "originPoint": {
                    "name": "origine",
                    "x": 0,
                    "y": 0
                  },
                  "centerPoint": {
                    "automatic": true,
                    "name": "centre",
                    "x": 0,
                    "y": 0
                  },
                  "customCollisionMask": []
                }
              ]
            }
          ]
        }
      ]
    },
    {
      "name": "player",
      "tags": "",
      "type": "Sprite",
      "updateIfNotVisible": false,
      "variables": [],
      "effects": [],
      "behaviors": [],
      "animations": [
        {
          "name": "",
          "useMultipleDirections": false,
          "directions": [
            {
              "looping": false,
              "timeBetweenFrames": 0.08,
              "sprites": [
                {
                  "hasCustomCollisionMask": false,
                  "image": "player.png",
                  "points": [],
                  "originPoint": {
                    "name": "origine",
                    "x": 0,
                    "y": 0
                  },
                  "centerPoint": {
                    "automatic": true,
                    "name": "centre",
                    "x": 0,
                    "y": 0
                  },
                  "customCollisionMask": []
                }
              ]
            }
          ]
        }
      ]
    },
    {
      "name": "cave",
      "tags": "",
      "type": "Sprite",
      "updateIfNotVisible": false,
      "variables": [],
      "effects": [],
      "behaviors": [],
      "animations": [
        {
          "name": "NewObject",
          "useMultipleDirections": false,
          "directions": [
            {
              "looping": false,
              "timeBetweenFrames": 0.07999999821186066,
              "sprites": [
                {
                  "hasCustomCollisionMask": false,
                  "image": "NewObject-1.png",
                  "points": [],
                  "originPoint": {
                    "name": "origine",
                    "x": 0,
                    "y": 0
                  },
                  "centerPoint": {
                    "automatic": true,
                    "name": "centre",
                    "x": 0,
                    "y": 0
                  },
                  "customCollisionMask": []
                }
              ]
            }
          ]
        }
      ]
    }
  ],
  "events": [
    {
      "colorB": 228,
      "colorG": 176,
      "colorR": 74,
      "creationTime": 0,
      "disabled": false,
      "folded": false,
      "name": "player",
      "source": "",
      "type": "BuiltinCommonInstructions::Group",
      "events": [
        {
          "disabled": false,
          "folded": false,
          "type": "BuiltinCommonInstructions::Standard",
          "conditions": [
            {
              "type": {
                "inverted": false,
                "value": "KeyPressed"
              },
              "parameters": [
                "",
                "Left"
              ],
              "subInstructions": []
            }
          ],
          "actions": [
            {
              "type": {
                "inverted": false,
                "value": "AddForceXY"
              },
              "parameters": [
                "player",
                "-300",
                "0",
                ""
              ],
              "subInstructions": []
            }
          ],
          "events": []
        },
        {
          "disabled": false,
          "folded": false,
          "type": "BuiltinCommonInstructions::Standard",
          "conditions": [
            {
              "type": {
                "inverted": false,
                "value": "KeyPressed"
              },
              "parameters": [
                "",
                "Right"
              ],
              "subInstructions": []
            }
          ],
          "actions": [
            {
              "type": {
                "inverted": false,
                "value": "AddForceXY"
              },
              "parameters": [
                "player",
                "300",
                "0",
                ""
              ],
              "subInstructions": []
            }
          ],
          "events": []
        },
        {
          "disabled": false,
          "folded": false,
          "type": "BuiltinCommonInstructions::Standard",
          "conditions": [
            {
              "type": {
                "inverted": false,
                "value": "KeyPressed"
              },
              "parameters": [
                "",
                "Up"
              ],
              "subInstructions": []
            }
          ],
          "actions": [
            {
              "type": {
                "inverted": false,
                "value": "AddForceXY"
              },
              "parameters": [
                "player",
                "0",
                "-300",
                ""
              ],
              "subInstructions": []
            }
          ],
          "events": []
        },
        {
          "disabled": false,
          "folded": false,
          "type": "BuiltinCommonInstructions::Standard",
          "conditions": [
            {
              "type": {
                "inverted": false,
                "value": "KeyPressed"
              },
              "parameters": [
                "",
                "Down"
              ],
              "subInstructions": []
            }
          ],
          "actions": [
            {
              "type": {
                "inverted": false,
                "value": "AddForceXY"
              },
              "parameters": [
                "player",
                "0",
                "300",
                ""
              ],
              "subInstructions": []
            }
          ],
          "events": []
        },
        {
          "disabled": false,
          "folded": false,
          "type": "BuiltinCommonInstructions::Standard",
          "conditions": [],
          "actions": [
            {
              "type": {
                "inverted": false,
                "value": "CentreCamera"
              },
              "parameters": [
                "",
                "player",
                "",
                "",
                ""
              ],
              "subInstructions": []
            }
          ],
          "events": []
        }
      ],
      "parameters": []
    },
    {
      "colorB": 228,
      "colorG": 176,
      "colorR": 74,
      "creationTime": 0,
      "disabled": false,
      "folded": false,
      "name": "collision",
      "source": "",
      "type": "BuiltinCommonInstructions::Group",
      "events": [
        {
          "disabled": false,
          "folded": false,
          "type": "BuiltinCommonInstructions::Standard",
          "conditions": [],
          "actions": [
            {
              "type": {
                "inverted": false,
                "value": "SeparateFromObjects"
              },
              "parameters": [
                "player",
                "tree",
                ""
              ],
              "subInstructions": []
            }
          ],
          "events": []
        }
      ],
      "parameters": []
    },
    {
      "colorB": 228,
      "colorG": 176,
      "colorR": 74,
      "creationTime": 0,
      "disabled": false,
      "folded": false,
      "name": "checkpoint",
      "source": "",
      "type": "BuiltinCommonInstructions::Group",
      "events": [
        {
          "disabled": false,
          "folded": false,
          "type": "BuiltinCommonInstructions::Standard",
          "conditions": [
            {
              "type": {
                "inverted": false,
                "value": "CollisionNP"
              },
              "parameters": [
                "player",
                "checkpoint",
                "",
                "",
                ""
              ],
              "subInstructions": []
            }
          ],
          "actions": [
            {
              "type": {
                "inverted": false,
                "value": "Scene"
              },
              "parameters": [
                "",
                "\"checkpoint1\"",
                ""
              ],
              "subInstructions": []
            }
          ],
          "events": []
        }
      ],
      "parameters": []
    }
  ],
  "layers": [
    {
      "ambientLightColorB": 6948640,
      "ambientLightColorG": 150995054,
      "ambientLightColorR": 1869182049,
      "followBaseLayerCamera": false,
      "isLightingLayer": false,
      "name": "",
      "visibility": true,
      "cameras": [
        {
          "defaultSize": true,
          "defaultViewport": true,
          "height": 0,
          "viewportBottom": 1,
          "viewportLeft": 0,
          "viewportRight": 1,
          "viewportTop": 0,
          "width": 0
        }
      ],
      "effects": []
    }
  ],
  "behaviorsSharedData": []
}