{
  "firstLayout": "",
  "gdVersion": {
    "build": 99,
    "major": 4,
    "minor": 0,
    "revision": 0
  },
  "properties": {
    "adaptGameResolutionAtRuntime": true,
    "folderProject": true,
    "orientation": "landscape",
    "packageName": "com.example.PMC",
    "pixelsRounding": false,
    "projectUuid": "2ac1bddc-c875-4c69-8aae-5ebcb8ce7bb2",
    "scaleMode": "linear",
    "sizeOnStartupMode": "adaptWidth",
    "useExternalSourceFiles": false,
    "version": "1.0.0",
    "name": "PMC",
    "author": "infinity",
    "windowWidth": 800,
    "windowHeight": 600,
    "latestCompilationDirectory": "",
    "maxFPS": 60,
    "minFPS": 20,
    "verticalSync": false,
    "platformSpecificAssets": {},
    "loadingScreen": {
      "backgroundColor": 0,
      "backgroundFadeInDuration": 0.2,
      "backgroundImageResourceName": "",
      "gdevelopLogoStyle": "light",
      "logoAndProgressFadeInDuration": 0.2,
      "logoAndProgressLogoFadeInDelay": 0.2,
      "minDuration": 1.5,
      "progressBarColor": 16777215,
      "progressBarHeight": 20,
      "progressBarMaxWidth": 200,
      "progressBarMinWidth": 40,
      "progressBarWidthPercent": 30,
      "showGDevelopSplash": true,
      "showProgressBar": true
    },
    "authorIds": [],
    "extensionProperties": [],
    "platforms": [
      {
        "name": "GDevelop JS platform"
      }
    ],
    "currentPlatform": "GDevelop JS platform"
  },
  "resources": {
    "resources": [
      {
        "alwaysLoaded": false,
        "file": "playerhouse-1-0.png",
        "kind": "image",
        "metadata": "",
        "name": "playerhouse-1-0.png",
        "smoothed": true,
        "userAdded": false
      },
      {
        "alwaysLoaded": false,
        "file": "NewObject-1-92.png",
        "kind": "image",
        "metadata": "",
        "name": "NewObject-1-92.png",
        "smoothed": true,
        "userAdded": false
      },
      {
        "alwaysLoaded": false,
        "file": "player.png",
        "kind": "image",
        "metadata": "",
        "name": "player.png",
        "smoothed": true,
        "userAdded": false
      },
      {
        "alwaysLoaded": false,
        "file": "bed.png",
        "kind": "image",
        "metadata": "",
        "name": "bed.png",
        "smoothed": true,
        "userAdded": true
      },
      {
        "alwaysLoaded": false,
        "file": "bookshelf.png",
        "kind": "image",
        "metadata": "",
        "name": "bookshelf.png",
        "smoothed": true,
        "userAdded": true
      },
      {
        "alwaysLoaded": false,
        "file": "TV.png",
        "kind": "image",
        "metadata": "",
        "name": "TV.png",
        "smoothed": true,
        "userAdded": false
      },
      {
        "alwaysLoaded": false,
        "file": "table.png",
        "kind": "image",
        "metadata": "",
        "name": "table.png",
        "smoothed": true,
        "userAdded": true
      },
      {
        "alwaysLoaded": false,
        "file": "stair.png",
        "kind": "image",
        "metadata": "",
        "name": "stair.png",
        "smoothed": true,
        "userAdded": true
      },
      {
        "alwaysLoaded": false,
        "file": "door.png",
        "kind": "image",
        "metadata": "",
        "name": "door.png",
        "smoothed": true,
        "userAdded": true
      },
      {
        "alwaysLoaded": false,
        "file": "Wall.png",
        "kind": "image",
        "metadata": "",
        "name": "Wall.png",
        "smoothed": true,
        "userAdded": true
      },
      {
        "alwaysLoaded": false,
        "file": "playerMother.png",
        "kind": "image",
        "metadata": "",
        "name": "playerMother.png",
        "smoothed": true,
        "userAdded": true
      },
      {
        "alwaysLoaded": false,
        "file": "chair.png",
        "kind": "image",
        "metadata": "",
        "name": "chair.png",
        "smoothed": true,
        "userAdded": true
      },
      {
        "alwaysLoaded": false,
        "file": "road.png",
        "kind": "image",
        "metadata": "",
        "name": "road.png",
        "smoothed": true,
        "userAdded": true
      },
      {
        "alwaysLoaded": false,
        "file": "house.png",
        "kind": "image",
        "metadata": "",
        "name": "house.png",
        "smoothed": true,
        "userAdded": true
      },
      {
        "alwaysLoaded": false,
        "file": "grass.png",
        "kind": "image",
        "metadata": "",
        "name": "grass.png",
        "smoothed": true,
        "userAdded": true
      },
      {
        "alwaysLoaded": false,
        "file": "eldershouse-1.png",
        "kind": "image",
        "metadata": "",
        "name": "eldershouse-1.png",
        "smoothed": true,
        "userAdded": false
      },
      {
        "alwaysLoaded": false,
        "file": "tree.png",
        "kind": "image",
        "metadata": "",
        "name": "tree.png",
        "smoothed": true,
        "userAdded": true
      },
      {
        "alwaysLoaded": false,
        "file": "NewObject-1-0.png",
        "kind": "image",
        "metadata": "",
        "name": "NewObject-1-0.png",
        "smoothed": true,
        "userAdded": false
      },
      {
        "alwaysLoaded": false,
        "file": "elder.png",
        "kind": "image",
        "metadata": "",
        "name": "elder.png",
        "smoothed": true,
        "userAdded": false
      },
      {
        "alwaysLoaded": false,
        "file": "gresna-1.png",
        "kind": "image",
        "metadata": "",
        "name": "gresna-1.png",
        "smoothed": true,
        "userAdded": true
      },
      {
        "alwaysLoaded": false,
        "file": "NewObject-1-1.png",
        "kind": "image",
        "metadata": "",
        "name": "NewObject-1-1.png",
        "smoothed": true,
        "userAdded": true
      },
      {
        "alwaysLoaded": false,
        "file": "NewObject-1-2.png",
        "kind": "image",
        "metadata": "",
        "name": "NewObject-1-2.png",
        "smoothed": true,
        "userAdded": true
      },
      {
        "disablePreload": false,
        "file": "motherDialogue.json",
        "kind": "json",
        "metadata": "",
        "name": "motherDialogue.json",
        "userAdded": true
      },
      {
        "alwaysLoaded": false,
        "file": "floor.png",
        "kind": "image",
        "metadata": "",
        "name": "floor.png",
        "smoothed": true,
        "userAdded": true
      },
      {
        "alwaysLoaded": false,
        "file": "NewObject-1-3.png",
        "kind": "image",
        "metadata": "",
        "name": "NewObject-1-3.png",
        "smoothed": true,
        "userAdded": false
      },
      {
        "alwaysLoaded": false,
        "file": "NewObject-1-4.png",
        "kind": "image",
        "metadata": "",
        "name": "NewObject-1-4.png",
        "smoothed": true,
        "userAdded": true
      },
      {
        "alwaysLoaded": false,
        "file": "NewObject-1-5.png",
        "kind": "image",
        "metadata": "",
        "name": "NewObject-1-5.png",
        "smoothed": true,
        "userAdded": true
      },
      {
        "alwaysLoaded": false,
        "file": "NewObject-1-6.png",
        "kind": "image",
        "metadata": "",
        "name": "NewObject-1-6.png",
        "smoothed": true,
        "userAdded": true
      },
      {
        "alwaysLoaded": false,
        "file": "NewObject-1-7.png",
        "kind": "image",
        "metadata": "",
        "name": "NewObject-1-7.png",
        "smoothed": true,
        "userAdded": false
      },
      {
        "alwaysLoaded": false,
        "file": "NewObject-1.png",
        "kind": "image",
        "metadata": "",
        "name": "NewObject-1.png",
        "smoothed": true,
        "userAdded": true
      },
      {
        "alwaysLoaded": false,
        "file": "NewObject-1-8.png",
        "kind": "image",
        "metadata": "",
        "name": "NewObject-1-8.png",
        "smoothed": true,
        "userAdded": false
      },
      {
        "alwaysLoaded": false,
        "file": "NewObject-1-9.png",
        "kind": "image",
        "metadata": "",
        "name": "NewObject-1-9.png",
        "smoothed": true,
        "userAdded": true
      },
      {
        "alwaysLoaded": false,
        "file": "NewObject-1-10.png",
        "kind": "image",
        "metadata": "",
        "name": "NewObject-1-10.png",
        "smoothed": true,
        "userAdded": true
      },
      {
        "alwaysLoaded": false,
        "file": "NewObject-1-11.png",
        "kind": "image",
        "metadata": "",
        "name": "NewObject-1-11.png",
        "smoothed": true,
        "userAdded": true
      },
      {
        "alwaysLoaded": false,
        "file": "NewObject-1-12.png",
        "kind": "image",
        "metadata": "",
        "name": "NewObject-1-12.png",
        "smoothed": true,
        "userAdded": false
      },
      {
        "alwaysLoaded": false,
        "file": "NewObject-1-13.png",
        "kind": "image",
        "metadata": "",
        "name": "NewObject-1-13.png",
        "smoothed": true,
        "userAdded": false
      },
      {
        "alwaysLoaded": false,
        "file": "NewObject-1-14.png",
        "kind": "image",
        "metadata": "",
        "name": "NewObject-1-14.png",
        "smoothed": true,
        "userAdded": true
      }
    ],
    "resourceFolders": []
  },
  "objects": [],
  "objectsGroups": [],
  "variables": [
    {
      "name": "stop",
      "type": "string",
      "value": "false"
    },
    {
      "name": "monster1",
      "type": "string",
      "value": ""
    }
  ],
  "layouts": [
    {
      "__REFERENCE_TO_SPLIT_OBJECT": true,
      "referenceTo": "/layouts/menu"
    },
    {
      "__REFERENCE_TO_SPLIT_OBJECT": true,
      "referenceTo": "/layouts/player_room"
    },
    {
      "__REFERENCE_TO_SPLIT_OBJECT": true,
      "referenceTo": "/layouts/playerhousegroundfloor"
    },
    {
      "__REFERENCE_TO_SPLIT_OBJECT": true,
      "referenceTo": "/layouts/anim-town"
    },
    {
      "__REFERENCE_TO_SPLIT_OBJECT": true,
      "referenceTo": "/layouts/route-1"
    },
    {
      "__REFERENCE_TO_SPLIT_OBJECT": true,
      "referenceTo": "/layouts/elders-house"
    },
    {
      "__REFERENCE_TO_SPLIT_OBJECT": true,
      "referenceTo": "/layouts/monster_selection"
    },
    {
      "__REFERENCE_TO_SPLIT_OBJECT": true,
      "referenceTo": "/layouts/checkpoint1"
    },
    {
      "__REFERENCE_TO_SPLIT_OBJECT": true,
      "referenceTo": "/layouts/cave"
    },
    {
      "__REFERENCE_TO_SPLIT_OBJECT": true,
      "referenceTo": "/layouts/monster-battle"
    },
    {
      "__REFERENCE_TO_SPLIT_OBJECT": true,
      "referenceTo": "/layouts/ora-city"
    },
    {
      "__REFERENCE_TO_SPLIT_OBJECT": true,
      "referenceTo": "/layouts/new-scene"
    }
  ],
  "externalEvents": [],
  "eventsFunctionsExtensions": [],
  "externalLayouts": [],
  "externalSourceFiles": []
}